UNIQUE_IDENTIFIER,NUM_NEARBY_SHIPS
01 000001014002450,0
01 000001331700710,0
01 000406,0
01 001387,0
01 001901,0
01 002035,0
01 002273,0
01 004754,0
01 005089,0
01 005203,0
01 006201,0
01 006335,0
01 006378,0
01 006628,0
01 006932,0
01 007320,0
01 007339,0
01 007379,0
01 007641,0
01 007723,0
01 007850,0
01 007851,0
01 007979,0
01 008708,0
01 008714,10026
01 008809,0
01 008868,0
01 009187,0
01 009364,0
01 009987,0
01 010340,0
01 010501,0
01 010502,0
01 010641,0
01 010773,0
01 010807,0
01 010808,0
01 010880,0
01 010882,0
01 010883,0
01 010942,0
01 010943,0
01 011201,0
01 011551,1
01 011573,0
01 011574,0
01 011657,0
01 011702,747
01 011785,0
01 011930,19149
01 011931,19149
01 011967,0
01 012321,2
01 012322,2
01 012363,0
01 012386,0
01 012835,18591
01 013319,0
01 013355,1
01 013393,0
01 013525,0
01 013601,0
01 013645,0
01 013831,0
01 014286,0
01 014533,0
01 014682,0
01 014957,0
01 015430,7104
01 015870,0
01 015972,0
01 015977,0
01 016035,10110
01 016203,0
01 016368,0
01 016564,0
01 016604,0
01 016605,0
01 016718,0
01 017328,0
01 017329,0
01 017406,0
01 017788,0
01 017789,0
01 017906,0
01 017939,1
01 017944,0
01 017952,0
01 018006,0
01 018085,0
01 018101,0
01 018214,0
01 018319,0
01 018472,0
01 018641,0
01 018828,0
01 019174,0
01 019223,0
01 019224,0
01 020773,0
01 020851,0
01 020913,0
01 021034,0
01 021044,0
01 021167,0
01 021177,0
01 021233,0
01 021242,0
01 021280,0
01 021286,0
01 021308,0
01 021362,0
01 021380,0
01 021481,0
01 021505,0
01 021756,0
01 021757,0
01 021758,0
01 021759,0
01 021760,0
01 021761,0
01 021762,0
01 021763,0
01 021764,0
01 021834,0
01 021843,0
01 5570028P0000000,0
02 0201,0
02 0202,0
02 0231,0
02 0245,0
02 0263,0
02 0271,0
02 0347,0
02 0387,1
02 0525,0
02 0532,0
02 0740,0
02 0747,8
02 0959,0
02 1017,0
02 1149,0
02 1161,0
02 1189,876
02 1191,0
02 1212,0
02 1213,0
02 1386,673
02 1690,0
02 1691,0
02 1902,0
02 1913,0
02 CEPPOAAK0001002,0
04 01488,0
04 02539,0
04 10221,0
04 10618,0
04 VHA10-E,0
04 VHA10-W,0
05 000000000002271,0
05 000000000002466,0
05 000000000002899,0
05 000000000003156,0
05 000000000003609,0
05 000000000003922,0
05 000000000003929,0
05 000000000004390,0
05 000000000004856,0
05 000000000005050,0
05 000000000005064,0
05 000000000005121,0
05 000000000005141,0
05 000000000005176,0
05 000000000005211,0
05 000000000005275,0
05 000000000005292,0
05 000000000005320,0
05 000000000005348,0
05 000000000005432,0
05 000000000005534,0
05 000000000005552,0
05 000000000005600,0
05 000000000005661,0
05 000000000005668,0
05 000000000005705,0
05 000000000005769,0
05 000000000005770,0
05 000000000005823,0
05 000000000005825,0
05 000000000005898,0
05 000000000005899,0
05 000000000005912,0
05 000000000006021,0
05 000000000006174,0
05 000000000006303,0
05 000000000006316,0
05 000000000006362,0
05 000000000006447,0
05 000000000006675,0
05 000000000006731,0
05 000000000006748,0
05 000000000006830,0
05 000000000007100,0
05 000000000007263,0
05 000000000007289,0
05 000000000007292,0
05 000000000007316,0
05 000000000007335,0
05 000000000007343,0
05 000000000023753,0
05 000000000023830,0
05 000000000024322,0
05 0000000000A1210,0
05 0000000000A3313,0
05 0000000000A6021,0
05 0000000000A6362,0
05 0000000000A7490,0
05 0000000000B3313,0
05 0000000000B7490,0
05 AHTD00000005279,0
05 AHTD00000005897,0
05 AHTD00000017769,0
05 CEPSWLARSANDERS,0
06 04 0022L,0
06 04 0022R,0
06 04 0228,0
06 04 0229,0
06 04 0230,0
06 06C0019,0
06 06C0136L,0
06 06C0136R,0
06 10 0130,0
06 10 0136,0
06 10 0274,0
06 10 0298,0
06 15C0001,0
06 18 0008,0
06 20 0195,0
06 20 0295,0
06 20C0048,0
06 21 0108L,1
06 21 0108R,1
06 21C0013,0
06 21C0014,0
06 22 0021,0
06 22 0025L,0
06 22 0025R,0
06 22 0026L,0
06 22 0026R,0
06 22 0040,0
06 22C0153,0
06 22C0168L,831
06 22C0168R,822
06 23 0015R,15503
06 23 0024,1040
06 23 0035,1027
06 23 0063,0
06 23 0064,0
06 23C0030,0
06 23C0119,0
06 23C0248,20
06 24 0004L,195
06 24 0004R,171
06 24 0051,0
06 24 0052,0
06 24 0053,0
06 24 0068L,0
06 24 0068R,0
06 24 0121,4739
06 24C0001,0
06 24C0005,0
06 24C0022,0
06 24C0039,0
06 24C0042,0
06 24C0053,0
06 27 0008,1
06 27 0008K,1
06 27 0008S,1
06 27 0010,0
06 27 0013,0
06 27 0052,49192
06 28 0009,4072
06 28 0100,28304
06 28 0153L,14496
06 28 0153R,14560
06 28 0352L,15505
06 28C0006,7116
06 28C0489,0
06 29 0016F,1
06 29 0043,1
06 29 0045,0
06 29 0049,0
06 29 0050,2682
06 29 0101,0
06 29 0176L,2228
06 29 0176R,2182
06 29C0022,1
06 29C0108,0
06 29C0114,0
06 29C0131,0
06 29C0219,0
06 29C0242,2961
06 29C0401,0
06 29C0415,0
06 29C0420,3942
06 29C0464,3871
06 29C0483,3893
06 29C0484,3893
06 33 0086,0
06 33C0026,0
06 33C0027,0
06 33C0147,0
06 33C0477,3532
06 34 0003,45629
06 34 0006,46213
06 34 0123L,8063
06 34 0123R,8115
06 34C0024,6585
06 34C0025,17298
06 34C0027,13602
06 34C0076,6940
06 35 0038,0
06 35 0054,2219
06 44 0074,0
06 52 0431,0
06 52 0432,0
06 52 0433,0
06 53 0064,0
06 53 1471,21125
06 53 3000,42604
06 53 3032,30098
06 53C0551L,33709
06 53C0551R,33783
06 54 1272,0
06 55 0035,0
06 55 0614,0
06 57 0857,6093
06 57C0015,6123
06 57C0426,0
06 051652000001024,0
06 051652000003001,0
09 00001,0
09 00059,0
09 00064,0
09 00111A,89
09 00115A,89
09 00135,0
09 00174A,2854
09 00174B,2851
09 00327,0
09 00337,2867
09 00362,0
09 00371A,0
09 00417,0
09 00454,0
09 00524,0
09 00571A,0
09 00761,0
09 00980A,0
09 01138,0
09 01349,0
09 01431,0
09 01789,0
09 01790,0
09 02295,0
09 02475,89
09 02514A,206
09 03426,0
09 03612,2860
09 03637,89
09 03809,2704
09 03810,786
09 03819,206
09 04252,86
09 06000A,0
09 06000B,0
09 06015,0
09 06026,0
09 06200A,0
09 06200B,0
10 1391 424,0
10 1392 424,0
10 1393 441,1
10 1393N001,1
10 1393S001,1
10 1447 449,0
10 1452 449,0
10 1501 006,0
10 1577 050,138
10 1685 000,1
10 1687 029,139
10 1688 029,12
10 1691 029B,2
10 1693 050,2273
10 1737A056,37818
10 1737B056,37818
10 1744 059,0
10 1813 060,36327
10 2007B008,0
10 2008H008,0
10 2008I008,0
10 2012B012,0
10 2021A021,0
10 2024A024,0
10 2356B356,0
10 2356C356,0
10 3003N007,0
10 3003S007,0
10 3150N014,0
10 3150S014,0
10 3151 013,0
10 3153 015,0
10 3154 018,0
10 3154A023,0
10 3155N014,0
10 3155S014,0
10 3156 050,0
10 3163 493,0
10 3164 036,0
10 3254N003,0
10 3254S003,0
10 3429 026,0
10 3437 058,0
10 3453 361,0
10 3454 357,0
10 3708 024,1
10 000000001494016,3169
10 000000001495034,3165
10 000000001496002,40154
11 0001,0
11 0003,0
11 0004,0
11 0005,0
11 0006,0
11 0007,0
11 0017,0
11 0030,0
11 0032(TO KEY BR),0
11 0054,0
11 0076,0
11 0169-1,1
11 0170-1,1
11 0233,2
11 1026,0
11 1113,1
11 1113(RAMP E),1
11 1133,1
11 1415,1
11 1416,1
11 1417,1
11 1450,2
11 3300016P0000000,0
12 010029,0
12 010035,0
12 010050,0
12 010092,0
12 010104,0
12 010106,0
12 016004,0
12 016006,0
12 020011,0
12 020012,0
12 030148,0
12 030184,0
12 030293,0
12 030300,1
12 050064,0
12 070013,0
12 070033,0
12 090016,0
12 100039,0
12 100045,1129
12 100049,0
12 100100,2206
12 100104,0
12 100107,1129
12 100135,1002
12 100136,1091
12 100218,0
12 100299,8805
12 100300,1210
12 100301,0
12 100332,8284
12 100333,7963
12 100338,8718
12 100352,0
12 100353,0
12 100358,0
12 100359,0
12 100459,0
12 100460,0
12 100500,0
12 100585,1210
12 100618,0
12 100920,0
12 105500,2281
12 105501,2258
12 105502,1581
12 105503,1335
12 105504,0
12 105600,37
12 105602,0
12 105606,2379
12 110077,0
12 110085,0
12 110086,0
12 110098,0
12 110103,0
12 114079,0
12 120001,1
12 120002,1
12 120022,0
12 120028,0
12 120042,0
12 120064,1
12 120083,1
12 120084,1
12 120088,0
12 120157,1
12 120158,1
12 124044,1
12 124065,1
12 124096,1
12 124114,0
12 124115,0
12 124116,0
12 124134,0
12 130006,1
12 130053,0
12 130054,1
12 130057,1
12 130103,0
12 130104,0
12 130132,0
12 130139,0
12 130141,0
12 130951,0
12 134123,0
12 140005,0
12 150001,0
12 150006,0
12 150028,0
12 150030,0
12 150038,0
12 150052,0
12 150068,0
12 150074,0
12 150107,1
12 150112,1
12 150135,0
12 150181,0
12 150182,0
12 150189,18191
12 150201,0
12 150210,1
12 150211,0
12 150213,0
12 150214,0
12 150223,0
12 150225,1
12 150243,0
12 150244,2
12 150253,0
12 150254,0
12 150307,0
12 154259,0
12 154260,0
12 154311,0
12 154355,0
12 155522,2
12 157191,0
12 157501,0
12 157801,0
12 170052,1
12 170054,1
12 170057,1
12 170058,0
12 170061,1
12 170064,1
12 170065,1
12 170158,1
12 170167,0
12 170168,0
12 170169,1
12 170170,1
12 170176,2
12 290030,1
12 290083,1
12 300031,0
12 300061,0
12 310002,0
12 310007,0
12 320016,0
12 330009,0
12 330027,0
12 350001,0
12 350037,0
12 350038,0
12 350054,0
12 350055,0
12 360055,0
12 364040,0
12 364140,0
12 370023,0
12 370030,0
12 374021,0
12 380049,0
12 380087,0
12 460019,0
12 460053,1381
12 460077,0
12 460089,0
12 460112,864
12 460113,859
12 460128,0
12 464096,0
12 464150,372
12 470029,0
12 470052,0
12 480045,0
12 480118,2
12 480123,0
12 480137,0
12 480139,0
12 480140,0
12 480191,2
12 480197,0
12 480213,0
12 480214,0
12 480289,224
12 480290,224
12 490023,0
12 490031,0
12 490034,0
12 490100,0
12 500086,0
12 500087,0
12 510048,0
12 510052,0
12 510951,0
12 530951,0
12 53GA96,0
12 550111,0
12 570017,0
12 570018,0
12 570034,0
12 570054,0
12 570082,0
12 570091,0
12 580167,0
12 580168,0
12 580174,0
12 580951,0
12 600108,0
12 600224,0
12 610047,0
12 610062,0
12 700028,525
12 700030,2684
12 700031,2598
12 700061,0
12 700072,0
12 700077,0
12 700081,0
12 700110,0
12 700115,521
12 700117,2801
12 700137,0
12 700143,0
12 700147,0
12 700174,0
12 700181,0
12 700184,0
12 700201,0
12 700219,0
12 700220,0
12 700221,0
12 700224,0
12 700227,0
12 703009,0
12 704011,0
12 704063,0
12 710006,7
12 710009,2
12 710049,5
12 710050,2
12 714034,0
12 720005,0
12 720006,0
12 720011,6605
12 720022,7
12 720027,0
12 720032,0
12 720033,0
12 720042,0
12 720043,0
12 720044,0
12 720052,0
12 720053,0
12 720059,3239
12 720060,22308
12 720064,26
12 720066,0
12 720076,3769
12 720077,22418
12 720107,53
12 720109,37
12 720110,34
12 720146,6340
12 720218,0
12 720249,8
12 720264,44
12 720271,0
12 720272,0
12 720280,37
12 720281,34
12 720326,0
12 720336,0
12 720343,8
12 720352,6
12 720370,0
12 720371,0
12 720425,0
12 720428,0
12 720435,0
12 720442,0
12 720443,0
12 720444,0
12 720445,0
12 720457,0
12 720473,0
12 720474,0
12 720475,7964
12 720476,7963
12 720509,0
12 720514,0
12 720518,22482
12 720550,9285
12 720570,7
12 720571,7
12 720629,7
12 720670,0
12 720675,22018
12 720677,22179
12 720684,6
12 720689,1906
12 720690,0
12 720699,22763
12 720729,0
12 720730,0
12 720743,22846
12 720757,8286
12 720758,8288
12 720759,9507
12 720760,9516
12 720811,0
12 720933,22852
12 720934,22863
12 720940,52
12 720941,53
12 724275,35
12 724279,7
12 730058,0
12 730059,0
12 734061,1
12 734062,0
12 734063,0
12 734064,0
12 734071,1
12 740008,0
12 740018,0
12 740031,0
12 740070,297
12 740087,0
12 740088,0
12 740089,0
12 740138,0
12 74GA40,0
12 750003,0
12 760002,0
12 760035,0
12 760043,4
12 760044,4
12 760045,4
12 760046,2
12 760065,2
12 770070,0
12 770094,0
12 780003,32
12 780042,0
12 780055,0
12 780056,4
12 780074,32
12 780089,32
12 780090,1
12 780097,1
12 780098,0
12 780099,20
12 780100,32
12 780119,1
12 780120,1
12 780129,32
12 784026,0
12 784055,0
12 790030,0
12 790124,0
12 790132,0
12 790148,0
12 790152,0
12 790172,0
12 790174,0
12 790175,0
12 790187,0
12 790188,0
12 790196,0
12 790197,0
12 790219,0
12 794004,0
12 794016,0
12 794025,0
12 794198,0
12 860001,1013
12 860008,10
12 860011,2
12 860018,96
12 860031,0
12 860035,25301
12 860038,14
12 860043,7
12 860045,0
12 860060,2
12 860109,1
12 860144,1
12 860146,2
12 860157,2
12 860160,13178
12 860161,25366
12 860209,1
12 860213,10
12 860222,0
12 860230,7
12 860259,0
12 860260,9
12 860270,9
12 860271,9
12 860275,0
12 860278,0
12 860319,18
12 860415,0
12 860423,0
12 860424,0
12 860427,10
12 860428,10
12 860429,10
12 860430,10
12 860431,10
12 860466,13
12 860467,10
12 860477,0
12 860546,1
12 860567,0
12 860574,0
12 860575,0
12 860591,2
12 860592,2
12 860601,9
12 860602,10
12 860618,6
12 860619,5
12 860622,25235
12 860623,25244
12 860628,9
12 860655,0
12 860669,12
12 860678,0
12 860920,12682
12 860941,2
12 864071,19
12 864072,13
12 864127,0
12 865748,14
12 870071,5
12 870077,11091
12 870082,0
12 870085,0
12 870136,0
12 870147,651
12 870289,0
12 870298,652
12 870301,5
12 870302,4
12 870356,774
12 870453,782
12 870479,779
12 870551,0
12 870554,0
12 870592,0
12 870593,0
12 870606,1
12 870607,1
12 870613,5
12 870661,764
12 870731,637
12 870759,5313
12 870763,637
12 870771,2754
12 870772,3781
12 870790,1
12 870990,755
12 871005,656
12 871032,0
12 871090,0
12 871183,766
12 873002,0
12 874002,622
12 874019,632
12 874026,0
12 874134,624
12 874161,647
12 874237,0
12 874264,790
12 874383,641
12 874459,1329
12 874474,136
12 874544,8
12 874545,754
12 874642,612
12 874649,0
12 874663,3191
12 874664,3364
12 874998,5688
12 875000,5542
12 875001,5682
12 875101,1
12 875303,0
12 875400,0
12 876100,2
12 876414,5647
12 876707,6
12 876708,5
12 876710,4
12 876728,1
12 876731,11076
12 880005,0
12 880051,0
12 880053,0
12 880077,0
12 880087,0
12 890002,1
12 890003,1
12 890038,1
12 890066,1
12 890093,1
12 890103,1
12 890107,0
12 890127,1
12 890132,1
12 890133,1
12 890134,1
12 890135,1
12 890143,1
12 890145,0
12 890150,1
12 890151,1
12 890152,1
12 890158,1
12 890160,1
12 890161,1
12 890162,1
12 891000,1
12 894044,0
12 894062,1
12 900003,0
12 900016,1
12 900045,1
12 900074,0
12 900077,0
12 900078,0
12 900094,1
12 900095,0
12 900097,0
12 900098,0
12 900101,4
12 900106,0
12 900116,0
12 900117,0
12 900127,0
12 900131,0
12 904025,115
12 904320,0
12 904604,0
12 904606,0
12 904990,0
12 910001,0
12 910009,0
12 910054,0
12 930003,8
12 930004,7
12 930026,1
12 930056,0
12 930060,3
12 930061,7
12 930064,1
12 930072,0
12 930104,7
12 930106,7
12 930154,3
12 930214,2
12 930226,3
12 930269,2688
12 930318,4
12 930322,2
12 930339,0
12 930349,7
12 930367,2
12 930370,3
12 930373,2
12 930409,0
12 930410,0
12 930446,2
12 930453,0
12 930454,0
12 930472,0
12 930473,0
12 930474,0
12 930475,0
12 930506,3
12 930507,1
12 930532,0
12 930541,0
12 930542,0
12 930543,0
12 930544,0
12 930546,7
12 930547,18
12 930548,1
12 930559,2
12 934160,1
12 934161,1
12 934369,6
12 934408,2
12 934908,2
12 940009,14
12 940045,15
12 940094,15
12 940140,0
12 940145,0
12 944011,0
12 1FL1322,115
12 703004,0
13 0000000000M9381,0
13 000000000700020,0
13 000000003750280,0
13 000000003900110,0
13 000000003900290,0
13 000000003900380,0
13 000000003900390,0
13 000000003900440,0
13 000000003900450,0
13 000000003990010,0
13 000000003990020,0
13 000000004990010,0
13 000000004990020,0
13 000000005100650,39586
13 000000005100660,39980
13 000000005100760,0
13 000000005101460,0
13 000000005101630,0
13 000000005101690,39656
13 000000005150830,0
13 000000006100020,0
13 000000006753230,0
13 000000006753500,0
13 000000007390010,0
13 000000007390020,0
13 000000008150650,0
13 000000008700080,0
13 000000008700090,0
13 000000008700140,0
13 000000008951770,0
13 000000009990010,0
13 000000009990020,0
13 000000010300250,0
13 000000010300260,0
13 000000010390010,0
13 000000012700420,0
13 000000012700510,0
13 000000012700620,0
13 000000012700640,0
13 000000012700750,0
13 000000012700770,0
13 000000012750080,0
13 000000012750090,0
13 000000012750200,8114
13 000000017900380,0
13 000000017900390,0
13 000000019100070,0
13 000000023990010,0
13 000000024350420,0
13 000000024500090,0
13 000000024500210,0
13 000000024590010,0
13 000000024590020,0
13 000000025190010,0
13 000000025300060,0
13 000000025990010,0
13 000000027350380,0
13 000000028550920,0
13 000000032151250,0
13 000000032151260,0
15 1HI0320,605
15 001230001100001,0
15 003000920400861,3
15 003074001400490,0
16 000000000010000,0
16 000000000010010,0
16 000000000010035,0
16 000000000010141,0
16 000000000010206,0
16 000000000010211,0
16 000000000010360,0
16 000000000010375,0
16 000000000010390,0
16 000000000012200,0
16 000000000013795,0
16 000000000013811,0
16 000000000014300,0
16 000000000014565,0
16 000000000014671,0
16 000000000015315,0
16 000000000015320,0
16 000000000016735,0
16 000000000016740,0
16 000000000016905,0
16 000000000016910,0
16 000000000017885,0
16 000000000017890,0
16 000000000018050,0
16 000000000018331,0
16 000000000018350,0
16 000000000018355,0
16 000000000018465,0
16 000000000018675,0
16 000000000018680,0
16 000000000018715,0
16 000000000018725,0
16 000000000018770,0
16 000000000018796,0
16 000000000018801,0
16 000000000018896,0
16 000000000018901,0
16 000000000019050,0
16 000000000019920,0
16 000000000020295,0
16 000000000020355,0
16 000000000020440,0
16 000000000020615,0
16 000000000020620,0
16 000000000020630,0
16 000000000020655,0
16 000000000020661,0
16 000000000020666,0
16 000000000020670,0
16 000000000020725,0
16 000000000021495,0
16 000000000026394,0
16 000000000029030,0
16 000000000029100,0
16 000000000029360,0
16 000000000029385,0
16 000000000029398,0
16 000000000029961,0
16 000000000029965,0
16 000000000030055,0
16 000000000030110,0
16 000000000030127,0
16 000000000030145,0
16 000000000030275,0
16 000000000030336,0
16 000000000030415,0
16 000000000030510,0
16 000000000030543,0
16 000000000033700,0
16 000000000033705,0
16 000000000037075,0
17 000000000819903,0
17 001001900000000,0
17 001006800000000,0
17 002000500000000,0
17 002000600000000,0
17 002002200000000,0
17 002003600000000,0
17 006995200000000,0
17 008005200000000,0
17 009000100000000,0
17 016001400000000,0
17 016001500000000,0
17 016006400000000,0
17 016006500000000,0
17 016015800000000,64
17 016015900000000,64
17 016019300000000,0
17 016020200000000,0
17 016029400000000,0
17 016031500000000,0
17 016032300000000,0
17 016034300000000,0
17 016034400000000,0
17 016042100000000,0
17 016042500000000,0
17 016042700000000,0
17 016046400000000,0
17 016048600000000,0
17 016048700000000,0
17 016054000000000,0
17 016057000000000,0
17 016074800000000,0
17 016076200000000,0
17 016077700000000,0
17 016099100000000,0
17 016106600000000,0
17 016107000000000,0
17 016108500000000,0
17 016108600000000,0
17 016111400000000,0
17 016195800000000,0
17 016195900000000,0
17 016240800000000,0
17 016244500000000,0
17 016246800000000,0
17 016250400000000,0
17 016252800000000,0
17 016267500000000,0
17 016301800000000,0
17 016302500000000,0
17 016321000000000,0
17 016324000000000,0
17 016500500000000,0
17 016600100000000,0
17 016600200000000,0
17 016600300000000,0
17 016600400000000,0
17 016600500000000,0
17 016600600000000,0
17 016600700000000,0
17 016600800000000,0
17 016600900000000,0
17 016601000000000,0
17 016601100000000,0
17 016601300000000,0
17 016601400000000,0
17 016601500000000,0
17 016601600000000,0
17 016601700000000,0
17 016602000000000,0
17 016602100000000,0
17 016602300000000,0
17 016602400000000,0
17 016602500000000,0
17 016602600000000,0
17 016602800000000,0
17 016602900000000,0
17 016603000000000,0
17 016603200000000,0
17 016603300000000,0
17 016603400000000,0
17 016603500000000,0
17 016603600000000,0
17 016603700000000,1856
17 016603800000000,1766
17 016604200000000,1262
17 016604300000000,393
17 016604500000000,0
17 016604700000000,0
17 016604800000000,0
17 016605000000000,299
17 016605100000000,0
17 016605200000000,0
17 016605300000000,0
17 016605400000000,0
17 016605600000000,0
17 016605700000000,0
17 016607000000000,0
17 016607100000000,0
17 016607700000000,0
17 016608000000000,0
17 016608100000000,0
17 016608400000000,0
17 016608900000000,167
17 016609200000000,0
17 016610100000000,0
17 016610200000000,0
17 016610400000000,0
17 016614800000000,0
17 016619700000000,0
17 016641900000000,1648
17 016652700000000,0
17 016653100000000,0
17 016984600000000,0
17 016984700000000,0
17 031000100000000,0
17 032009900000000,0
17 034006200000000,0
17 034990200000000,0
17 036004800000000,0
17 037002100000000,0
17 037002200000000,0
17 037012800000000,0
17 037014900000000,0
17 039003600000000,0
17 043000100000000,0
17 050007900000000,0
17 050018000000000,0
17 050019100000000,0
17 050021900000000,0
17 050023700000000,0
17 050024600000000,0
17 050025600000000,0
17 052006300000000,0
17 052007200000000,0
17 056004900000000,0
17 058602600000000,0
17 060003500000000,0
17 060006800000000,0
17 060025500000000,0
17 060034500000000,0
17 060035000000000,0
17 060600200000000,0
17 062000300000000,0
17 062003600000000,0
17 063000200000000,0
17 064003500000000,0
17 067001900000000,0
17 067002000000000,0
17 069052500000000,0
17 071004000000000,0
17 071008800000000,0
17 075012200000000,0
17 075012300000000,0
17 075015100000000,0
17 075991100000000,0
17 078000100000000,0
17 078004700000000,0
17 079001300000000,0
17 079003600000000,0
17 079600100000000,0
17 081001100000000,0
17 081004700000000,0
17 081006700000000,0
17 081006800000000,0
17 081010600000000,0
17 081015300000000,0
17 081990500000000,0
17 081991000000000,0
17 081992200000000,0
17 081992300000000,0
17 082000400000000,0
17 082019800000000,0
17 082034800000000,0
17 082600100000000,0
17 082992900000000,0
17 086000100000000,0
17 090000100000000,0
17 090003000000000,0
17 090007000000000,0
17 090010800000000,0
17 090010900000000,0
17 090011400000000,0
17 090011500000000,0
17 090012200000000,0
17 091003100000000,0
17 097990000000000,0
17 098003400000000,0
17 098007900000000,0
17 098008000000000,0
17 098010000000000,0
17 098011500000000,0
17 098600300000000,0
17 098990800000000,0
17 099000800000000,0
17 099000900000000,0
17 099005600000000,0
17 099005700000000,0
17 099010100000000,0
17 099013500000000,1
17 099016600000000,0
17 099018500000000,1
17 099023900000000,0
17 099329800000000,0
17 099695400000000,0
17 099990100000000,0
17 099990300000000,0
17 099990400000000,0
17 101002100000000,0
17 101010900000000,0
17 101011800000000,0
17 101012600000000,0
17 101019500000000,0
17 101019700000000,0
17 101019800000000,0
17 101308000000000,0
17 101308800000000,0
17 101610800000000,0
17 101613300000000,0
17 101613500000000,0
17 101613600000000,0
18 000140,0
18 003030,0
18 003100,0
18 006470,0
18 008868,0
18 010720,0
18 014202,0
18 014204,0
18 021869,0
18 024727,0
18 025301,0
18 026348,0
18 028551,0
18 029366,0
18 029895,0
18 032006,0
18 032340,0
18 034520,0
18 034528,0
18 039360,0
18 039370,0
18 048370,0
18 048480,0
18 048490,0
18 049660,0
18 076522,0
18 079970,0
18 080000,2424
18 080663,0
18 080777,217
18 0200092,0
18 0200099,0
18 0200109,0
18 0200146,0
18 0200161,0
18 0200163,0
18 0200169,0
18 0200322,0
18 0200669,0
18 0900059,0
18 0900076,0
18 0900082,0
18 0900083,0
18 1000040,0
18 1000043,0
18 1000145,0
18 1100111,0
18 1100157,0
18 1100175,0
18 1300004,0
18 1300031,0
18 1300035,0
18 1300036,0
18 1300039,0
18 1300092,0
18 1300109,0
18 1300111,0
18 1400321,0
18 2200086,0
18 3100034,0
18 3100065,0
18 3500038,0
18 3500039,0
18 3500044,0
18 3500070,0
18 3500074,0
18 3500078,0
18 3500083,0
18 3500084,0
18 3500088,0
18 3500102,0
18 3500103,0
18 3500111,0
18 3500137,0
18 3700004,0
18 3700048,0
18 3700054,0
18 3700059,0
18 3700060,0
18 3700063,0
18 3700064,0
18 3700065,0
18 3700067,0
18 3700073,0
18 3700074,0
18 3700076,0
18 3700079,0
18 3700150,0
18 3700151,0
18 3900036,0
18 3900061,0
18 4000042,0
18 4000049,0
18 4000124,0
18 4400013,0
18 4400014,0
18 4400015,0
18 4400038,0
18 4400040,0
18 4400041,0
18 4400042,0
18 4500033,0
18 4500112,0
18 4500114,0
18 4500120,0
18 4500121,0
18 4500122,0
18 4500134,0
18 4500135,1
18 4500136,0
18 4500137,0
18 4500138,0
18 4500139,0
18 4500172,0
18 4500207,0
18 4500228,0
18 4600023,0
18 4600053,0
18 4600056,0
18 4600059,0
18 4600090,0
18 4600091,0
18 4600122,0
18 4600143,1
18 4600152,0
18 5300007,0
18 5300008,0
18 5300010,0
18 5300031,0
18 5300077,0
18 5300078,0
18 5300112,0
18 5300118,0
18 5300175,0
18 5600040,0
18 5600080,0
18 5600081,0
18 5600091,0
18 5600093,0
18 5600095,0
18 6200008,0
18 6200012,0
18 6200046,0
18 6200049,0
18 6200082,0
18 6400021,0
18 6400037,0
18 6400045,0
18 6400173,0
18 6400185,0
18 6500326,0
18 6700150,0
18 6700164,0
18 6700175,0
18 6700194,0
18 6700197,0
18 6700249,0
18 7100002,0
18 7100006,0
18 7100010,0
18 7100011,0
18 7100015,0
18 7100027,0
18 7100033,0
18 7100037,0
18 7100047,0
18 7100051,0
18 7100052,0
18 7100076,0
18 7100088,0
18 7100118,0
18 7100119,0
18 7100120,0
18 7100122,0
18 8100020,0
18 8300044,0
18 8300049,0
18 9000081,0
18 9000130,0
18 9000144,0
18 9000153,0
19 000000000013520,0
19 000000000020515,0
19 000000000020860,0
19 000000000021055,0
19 000000000023441,0
19 000000000023880,0
19 000000000025301,0
19 000000000027321,0
19 000000000029941,0
19 000000000031601,0
19 000000000033201,0
19 000000000036100,0
19 000000000036810,0
19 000000000038201,0
19 000000000043571,0
19 000000000045082,0
19 000000000045670,0
19 000000000047020,0
19 000000000047281,0
19 000000000047291,0
19 000000000047720,0
19 000000000052811,0
19 000000000087451,0
19 000000000087541,0
19 000000000087841,0
19 000000000088161,0
19 000000000088211,0
19 000000000088301,0
19 000000000088321,0
19 000000000088341,0
19 000000000088571,0
19 000000000088576,0
19 000000000088631,0
19 000000000089151,0
19 000000000089251,0
19 000000000089291,0
19 000000000105521,0
19 000000000355781,0
19 000000000355851,0
19 000000000366790,0
19 000000000600690,0
19 000000000600765,0
19 000000000603300,0
19 000000000603305,0
19 000000000604440,0
19 000000000609905,0
19 000000000700110,0
20 414301052560002,0
20 514301050000021,0
20 999903600220281,0
20 999903600220291,0
20 999905400873761,0
20 999905900030551,0
20 999906901053391,0
20 999907001050311,0
20 999909200520261,0
20 999943501052351,0
20 999943501052401,0
20 999963501051661,0
21 004B00021N,0
21 008B00052N,0
21 010B00040N,0
21 010B00046L,0
21 010B00046R,0
21 010B00058N,0
21 010B00062N,0
21 019B00039L,0
21 019B00039R,0
21 019B00040L,0
21 019B00040R,0
21 019B00076N,0
21 021B00042L,0
21 021B00042R,0
21 021B00043N,0
21 026C00160N,0
21 030B00118N,0
21 030B00164N,0
21 037B00052L,0
21 037B00052R,0
21 037B00063N,0
21 037B00074N,0
21 037B00093R,0
21 037B00094L,0
21 039B00039N,0
21 045B00064N,0
21 045B00086N,0
21 045B00092N,0
21 046B00043N,0
21 051B00002R,0
21 051B00007L,0
21 051B00072N,0
21 051B00162N,0
21 052B00083N,0
21 056B00136N,0
21 056B00214L,0
21 056B00279N,0
21 056B00526R,0
21 056B00543N,0
21 056C00131N,0
21 059B00037N,0
21 059B00046N,0
21 059B00048N,0
21 059B00049N,0
21 059B00052L,0
21 059B00052R,0
21 059B00104N,0
21 066C00006N,0
21 070B00063L,0
21 070B00063R,0
21 070B00065N,0
21 070B00086N,0
21 072B00020N,0
21 073B00001N,0
21 073B00100N,0
21 073B00173N,0
21 075B00018N,0
21 075B00065N,0
21 075B00076N,0
21 076B00092R,0
21 079B00118L,0
21 079B00118R,0
21 079B00151N,0
21 079B00152N,0
21 081B00041N,0
21 081B00069N,0
21 082B00021N,0
21 089B00093L,0
21 089B00093R,0
21 092B00050N,0
21 098B00001N,0
21 098B00263N,0
21 098B00263S,0
21 098B00264N,0
21 098B00265N,0
21 098B00266N,0
21 111B00068N,0
21 112B00040N,0
21 113B00045N,0
21 117B00012N,0
21 CEPLRLKY0002009,0
21 CEPORHKY4028601,0
21 MP0391188B00032,0
22 022600000020473,2
22 022600000020492,1
22 022600060100001,62491
22 022600630202351,74960
22 022602830900001,105978
22 022602830900002,85592
22 022604290207501,1
22 022608263900071,2
22 022629518900421,0
22 022629539900931,1
22 022900000020415,4
22 022900000020502,4
22 022900050700011,0
22 022900640503281,4
22 022900640601401,3
22 022900650600001,1
22 022904070100001,1
22 022904070112131,2
22 022904079003501,4
22 022904120200381,3
22 022904240811201,2
22 022904240811202,1
22 022908291000001,3
22 022908291400791,2
22 022908291510171,1
22 022908292700011,1
22 022929260901781,2
22 022929309902001,1
22 022929329902041,3
22 022929355902801,10
22 022929438903641,0
22 022929478904821,0
22 022929479904912,0
22 022929576903991,3
22 023600000020467,12
22 023600000020468,16
22 023600060500001,1
22 023600060600001,3
22 023600069001041,6
22 023600180200001,9
22 023600463102221,75008
22 023600463102341,74992
22 023601480201061,0
22 023602830802441,75048
22 023602830802442,75254
22 023604509008511,5
22 023608360801331,77410
22 023629578900151,75326
22 023629579900121,157
22 023630003900161,6
22 023630019900211,1
22 023800000023801,0
22 023800000103026,85807
22 023800620200432,7833
22 023800620508961,85686
22 024402840204921,2
22 024500050800001,1
22 024500050800002,0
22 024504503700001,51801
22 024508450600001,0
22 025500000020447,2
22 025500000020503,4
22 025500000200856,3
22 025500050400001,1
22 025500659101191,3
22 025500659103921,3
22 025500659104061,3
22 025500659108701,2
22 025502450207341,0
22 025502459009801,4
22 025502460100021,3
22 025502460117211,3
22 025502470204101,3
22 025502473000011,4
22 025502473001581,1
22 025508550400031,2
22 025508550800001,4
22 025508550800481,4
22 025508550802451,3
22 025508551400331,4
22 025508551800401,4
22 025529230904301,3
22 025529231904381,3
22 025529243903641,2
22 025529246904711,0
22 025529255904241,6
22 025529283904221,5
22 025529297903441,4
22 025529318903591,6
22 025529328903511,4
22 030100030900001,0
22 030102010200001,0
22 030104500400001,0
22 030104500400002,0
22 030108010901171,0
22 032300000030410,0
22 032300000030430,0
22 032300550700321,0
22 032302370100141,0
22 032302410100161,0
22 032304003100241,0
22 032308231200171,0
22 032308231400251,0
22 032308231406331,0
22 032308234300081,0
22 032308234400101,0
22 032308234600151,0
22 032330006914461,0
22 032800040103171,0
22 032802130500001,0
22 032808281401231,0
22 032808283901521,0
22 032830109920291,0
22 034900080400001,0
22 034900080400002,0
22 034900121313281,0
22 034900121313282,0
22 034900121315111,0
22 034900121315112,0
22 035000560400141,0
22 035002130804881,0
22 035002380300131,0
22 035004003000331,0
22 035004500614371,1
22 035029468910991,0
22 035030099914881,0
22 035100000030448,0
22 035100040609371,0
22 035100050100001,1
22 035102390106491,0
22 035102410209141,0
22 035102430200001,0
22 035104083100091,0
22 035104240508801,0
22 035104240508802,0
22 035104240511601,0
22 035104240511602,0
22 035104240532701,1
22 035108510400171,1
22 035108510900241,0
22 035129424911791,0
22 035129425912111,0
22 035129457912601,0
22 035129471913141,0
22 035129496913161,0
22 035129535913681,0
22 035129540913121,0
22 035700550100001,1
22 035700550600131,0
22 035700553001081,0
22 035701940707511,0
22 035702070106671,0
22 035702070114121,0
22 035703970304251,0
22 035708576605721,0
22 035708576900011,0
22 040800010300001,1
22 040801020300001,0
22 040804510200001,1
22 040804513100001,0
22 040904200101521,0
22 040904200101522,0
22 044100210501491,0
22 053304510900001,0
22 053700000050186,0
22 053700010918151,0
22 053704510616841,0
22 053704510616842,0
22 053708372200001,0
22 071000000000022,0
22 071000240103501,0
22 071000310400701,11539
22 071003820402351,0
22 071004500100001,0
22 071004503001411,5822
22 071004509127691,3271
22 071008101204221,0
22 071200000070215,37101
22 071200310303551,13161
22 071201930208531,0
22 071201940200001,0
22 071201940221101,0
22 071201953000931,0
22 080500330300001,0
22 080500520500001,0
22 082201510200001,0
22 083500340604021,0
22 084000000080639,0
22 084000000080664,0
22 084000150100111,0
22 084000230101921,0
22 581100150700081,0
22 581300000580162,0
22 581500000580150,0
22 581500260100001,0
22 581500260100002,0
22 610400050200001,4
22 610402320113011,0
22 610402320116621,1
22 610404240600001,3
22 610429578911251,0
22 611700071000001,22
22 611704500900001,6138
22 612402190107251,0
22 612402300106531,0
22 612402300309551,0
22 612404500700141,0
22 612408241800081,0
22 612430162911531,0
22 613901770105911,0
22 614704260200721,17770
22 614704340200001,29967
22 616100500708321,6188
22 616300000610292,0
22 623202600200001,2
22 623202600207511,0
22 623202600402731,2
22 623230161904391,1
22 625200000620260,0
22 625200060705291,2
22 625200060800001,0
22 625202610600001,1
22 625204501900001,1
22 625204530105241,2
22 625204530105242,2
22 625204540407961,2
22 625204540407972,2
22 625208522106161,1
22 625230123900731,122764
22 625230123900732,152598
22 625304529000001,1
22 625304529000002,1
22 625304529000003,1
22 625900000620288,0
23 0086,0
23 0246,0
23 0605,0
23 0613,0
23 0631,0
23 1137,0
23 1138,0
23 1308,0
23 1475,0
23 1505,0
23 1508,0
23 1510,0
23 1520,0
23 1530,0
23 1540,0
23 1558,0
23 2016,0
23 2025,0
23 2026,0
23 2031,1313
23 2033,0
23 2038,0
23 2039,0
23 2041,0
23 2149,0
23 2157,0
23 2160,0
23 2183,0
23 2192,0
23 2215,0
23 2230,0
23 2252,0
23 2253,0
23 2262,0
23 2272,0
23 2279,0
23 2304,0
23 2339,0
23 2395,0
23 2398,0
23 2399,0
23 2400,0
23 2425,0
23 2438,0
23 2491,0
23 2494,0
23 2499,0
23 2506,0
23 2511,0
23 2512,0
23 2515,0
23 2546,1313
23 2561,0
23 2591,0
23 2597,0
23 2630,0
23 2787,0
23 2789,0
23 2816,0
23 2848,0
23 2854,0
23 2904,0
23 2973,0
23 3010,348
23 3013,1293
23 3016,0
23 3017,0
23 3063,0
23 3078,0
23 3088,2569
23 3096,0
23 3105,0
23 3130,0
23 3144,0
23 3180,0
23 3202,0
23 3216,0
23 3257,0
23 3280,0
23 3407,0
23 3486,0
23 3628,0
23 3641,1314
23 3668,0
23 3696,0
23 3742,0
23 3764,0
23 3783,1276
23 3880,0
23 3945,2617
23 3955,0
23 3964,0
23 5038,0
23 5176,0
23 5190,0
23 5196,0
23 5270,0
23 5278,0
23 5312,0
23 5500,0
23 5556,0
23 5578,0
23 5600,0
23 5612,0
23 5626,0
23 5635,0
23 5711,0
23 5722,0
23 5739,0
23 5750,0
23 5774,0
23 5821,0
23 5828,0
23 5834,0
23 5883,0
23 5890,0
23 5900,2883
23 5978,0
23 6049,0
23 6135,0
23 6146,0
23 6217,0
23 6224,0
23 6227,0
23 6268,0
23 6281,2573
23 6330,1310
23 6345,0
23 6351,0
23 6352,72
23 6371,0
23 6388,0
23 6421,348
23 6473,0
23 6534,2572
24 100000020010010,0
24 100000020038010,0
24 100000020042010,0
24 100000020045010,0
24 100000020053010,0
24 100000020070010,0
24 100000020081010,0
24 100000020127010,0
24 100000030365010,0
24 100000040008010,0
24 100000040019010,1
24 100000050016010,0
24 100000050026010,0
24 100000070025010,0
24 100000080038010,0
24 100000090001010,0
24 100000090008010,0
24 100000090014010,0
24 100000090016010,0
24 100000090021010,0
24 100000090022010,0
24 100000110021010,0
24 100000140006010,0
24 100000140013010,0
24 100000140027010,0
24 100000160173015,0
24 100000160173016,0
24 100000170006010,0
24 100000170014012,0
24 100000170046010,0
24 100000180026010,0
24 100000200001010,0
24 100000200002010,1
24 100000200018010,0
24 100000220009010,0
24 100000220028010,0
24 100000220045010,0
24 100000230002010,0
24 100000230004010,0
24 100000230007010,0
24 100000230016011,0
24 100000230016012,0
24 100000230018010,0
24 100000230020010,0
24 100000230021010,0
24 200000AA1011010,0
24 200000AA2005010,0
24 200000AA3001010,0
24 200000B-0079010,0
24 200000BC5210010,1894
24 200000BC5217010,2065
24 200000CE0041010,0
24 200000D-0001010,0
24 200000D-0019010,0
24 200000G-0032010,0
24 200000H-0163010,0
24 200000S-0012010,0
24 200000WIS-05010,0
24 300000AAZ050013,30402
24 300000AAZ050014,30505
24 300000B-Z462015,27484
24 300000B-Z462016,27687
24 300000BCW546011,784
24 300000BCW546012,805
24 300000BCZ001015,1975
24 300000BCZ001016,1975
24 300000BCZ472010,30383
24 300000CECE01010,3183
24 300000CHZ301010,1
24 300000H-X907010,0
24 300000H-Z040010,1
24 300000Q-NR01010,0
24 DAPAMCABE000719,0
25 A050010W6DOTNBI,0
25 A070102Y9DOTNBI,0
25 B0100141FMUNNBI,0
25 B01003435MUNNBI,0
25 B08001B6PMUNNBI,0
25 B110042TNDOTNBI,11
25 B11005307DOTNBI,0
25 B11005308DOTNBI,0
25 B120019CPDOTNBI,0
25 B12002ANJMUNNBI,0
25 B12005ARCMUNNBI,0
25 B120228G3DOTNBI,0
25 B16004B5JMUNNBI,2260
25 B160064F3DOTNBI,0
25 B160094F0DOTNBI,5564
25 B160104EPDOTNBI,0
25 B160114F2DOTNBI,0
25 B160124EYDOTNBI,0
25 B160134EMDOTNBI,5650
25 B160144F8DOTNBI,0
25 B160154EFDOTNBI,0
25 B160174WWDOTNBI,5781
25 B160174X3DOTNBI,5850
25 B16019383MUNNBI,5852
25 B16020B4JDOTNBI,5808
25 B160223A3DOTNBI,0
25 B16029388MUNNBI,5640
25 B1603238AMUNNBI,6142
25 B160334EUDOTNBI,0
25 B1603438BMUNNBI,8401
25 B16223AWQMUNNBI,6153
25 B162464EVDOTNBI,0
25 B162503D1DOTNBI,0
25 B163842CQMUNNBI,5781
25 B163904F7DOTNBI,0
25 B166009PMDOTNBI,5704
25 B1700141HMUNNBI,0
25 B1700241JMUNNBI,1136
25 B17017B75DOTNBI,1126
25 B21001347DOTNBI,729
25 C010013F1DOTNBI,5637
25 C010084DMDOTNBI,5256
25 C010404DLDOTNBI,5486
25 C070019YMMUNNBI,0
25 C1301213RDOT634,0
25 C130234HLDOTNBI,0
25 C130340X1DOTNBI,0
25 C1700142FMUNNBI,0
25 C17002BTNMUNNBI,0
25 CEPNEDMA2510001,1095
25 CEPNEDMA2510002,1095
25 D040023J4MUNNBI,0
25 D04008AXCMUNNBI,0
25 D0700241MMUNNBI,0
25 D0700541LMUNNBI,0
25 F010023PFDOTNBI,80
25 F010063JCMUNNBI,0
25 F020583TKDOTNBI,114
25 F02094AFYDOTNBI,0
25 F0300241WMUNNBI,0
25 F0300341VMUNNBI,0
25 F0300543EMUNNBI,0
25 G0500230LDOTNBI,0
25 G15001B6KDOTNBI,0
25 H10001423MUNNBI,0
25 H12020311DOTNBI,0
25 H1500247KDOTNBI,1067
25 H1500849XDOTNBI,0
25 H23004B5GMUNNBI,0
25 K01011AGDDOTNBI,0
25 L150222BNMUNNBI,0
25 L150232BVMUNNBI,0
25 L180154D7DOTNBI,0
25 M0700143TMUNNBI,0
25 M07002AMBDOTNBI,0
25 M07003AQDMUNNBI,0
25 M120014DXDOTNBI,712
25 M1200637GMUNNBI,1
25 M120194DYDOTNBI,1
25 M120363B4DOTNBI,1
25 N100108PDDOTNBI,0
25 N100112Y6DOTNBI,0
25 N110112TDDOTNBI,0
25 O01001BAFDOTNBI,2
25 Q010015WJDOTNBI,1073
25 S010042QEMUNNBI,11
25 S0700442CMUNNBI,0
25 S240030UJDOTNBI,0
25 S2403015BDOTNBI,0
25 S350183U8DOTNBI,0
25 S350183U9DOTNBI,0
25 T010603M2MUNNBI,0
25 T06009B79MUNNBI,0
25 W0600145JDOTNBI,0
25 W1100724YMUNNBI,0
25 W30002AQQMUNNBI,0
25 W300163W6DOTNBI,0
25 W40008CDMMUNNBI,0
26 000000000000137,0
26 000000000000317,0
26 000000000000357,1178
26 000000000000586,415
26 000000000000587,415
26 000000000000646,441
26 000000000000747,452
26 000000000000749,739
26 000000000000777,189
26 000000000000778,185
26 000000000000827,0
26 000000000000828,0
26 000000000000869,0
26 000000000000874,0
26 000000000000880,192
26 000000000000975,19
26 000000000001053,20
26 000000000001054,2
26 000000000001471,208
26 000000000001498,0
26 000000000001501,18
26 000000000001502,0
26 000000000001503,0
26 000000000001533,0
26 000000000001559,4
26 000000000001563,0
26 000000000001582,32231
26 000000000002451,0
26 000000000002456,15941
26 000000000002457,1
26 000000000002458,0
26 000000000002460,0
26 000000000003380,3
26 000000000003449,0
26 000000000004129,0
26 000000000004862,0
26 000000000005198,0
26 000000000006141,0
26 000000000006142,0
26 000000000006273,0
26 000000000006414,0
26 000000000006415,0
26 000000000006436,321
26 000000000006439,277
26 000000000006470,322
26 000000000006690,132
26 000000000006880,68
26 000000000006934,0
26 000000000007173,49
26 000000000007703,0
26 000000000008699,409
26 000000000008797,349
26 000000000008941,123
26 000000000008942,624
26 000000000009094,1
26 000000000009096,1
26 000000000009115,282
26 000000000009168,377
26 000000000009169,377
26 000000000009224,0
26 000000000009228,0
26 000000000009232,0
26 000000000009435,1
26 000000000009436,1
26 000000000009437,275
26 000000000009438,1
26 000000000009446,273
26 000000000009673,0
26 000000000009956,30627
26 000000000009976,28648
26 000000000009977,29728
26 000000000009987,30318
26 000000000009988,30328
26 000000000010024,27681
26 000000000010255,28636
26 000000000010256,30629
26 000000000010257,30546
26 000000000010681,0
26 000000000010808,0
26 000000000011716,30133
26 000000000012006,62
26 000000000012214,28457
26 000000000012229,694
26 000000000012306,24474
26 000000000012752,0
26 000000000012753,0
26 000000000012852,0
26 000000000012853,0
26 000000000013311,1327
26 000000000013460,0
26 000000000013579,29686
26 000000000013580,29647
26 000000000013581,29938
27 19004,0
27 2441,0
27 25033,0
27 27409,0
27 27410,0
27 27608,0
27 27611,0
27 27624A,0
27 27624B,0
27 27636,0
27 2796,0
27 27B60,0
27 27W38,0
27 27W39,0
27 3575,0
27 39016,0
27 4190,0
27 5900,0
27 5930,0
27 62017,0
27 62018,0
27 62082,0
27 62090,0
27 62555A,0
27 62555B,0
27 62912,0
27 6544,0
27 69100,5678
27 79000,0
27 82010,0
27 82045,0
27 82800,0
27 82855,0
27 82856,0
27 85801,0
27 85802,0
27 85851,0
27 9030,8104
27 9036,0
27 9217E,0
27 9217W,0
27 9300,0
27 9350,0
27 9360,0
27 9400,0
27 9600N,0
27 9600S,0
27 L6116,7897
28 110001002300000,1
28 110001002301550,1
28 11000100240287A,0
28 11000100240287B,0
28 11000100240407A,0
28 11000100240407B,0
28 11000100240450A,0
28 11000100240450B,0
28 11000100300654A,91
28 11000100300654B,16
28 11000100300755A,0
28 11000100300755B,0
28 110002007500010,0
28 110011002400130,3
28 21000450441608A,0
28 21000450441608B,0
28 21000450481876A,0
28 21000450481876B,0
28 210004901433710,0
28 210004948220330,0
28 21000494822070A,0
28 21000494822070B,0
28 210006107512660,0
28 21000720710786A,0
28 21000720710786B,0
28 21000780291059A,0
28 21000780291059B,0
28 210008207600010,0
28 21000840010001A,0
28 21000840010001B,0
28 210009002300010,0
28 210009002301900,4
28 21000900240494A,3
28 21000900240494B,2
28 210009003006830,99
28 21000980461185A,0
28 210027804800600,0
28 310000407115850,0
28 310000604815440,0
28 310001202703550,0
28 310002507121540,0
28 310002605500000,0
28 310003007108510,0
28 310003504601940,0
28 310005001308340,0
28 310006303000140,0
28 310060502400160,0
28 310060502400350,0
28 310060903000020,0
28 310061303000450,0
28 310061403000870,0
28 5570273P0000000,0
28 SA2400000000042,0
28 SA2400000000074,0
28 SA2400000000088,0
28 SA2400000000094,0
28 SA2400000000162,1
28 SA2400000000167,2
28 SA3000000000118,0
28 SA3000000000172,267
28 SA300000000A107,0
28 SA4200000000006,0
28 SA4200000000015,0
28 SA8200000000064,0
29 12057,0
29 1244,0
29 12992,0
29 1396,0
29 1493,0
29 1541,0
29 1684,0
29 2616,0
29 2780,0
29 2781,0
29 2784,0
29 28911,0
29 29082,0
29 29351,0
29 3049,0
29 3050,0
29 31096,0
29 32604,0
29 32776,0
29 32854,0
29 32881,0
29 3303,0
29 33066,0
29 3335,0
29 33484,0
29 34492,0
29 3493,0
29 3497,0
29 35042,0
29 35274,0
29 35686,0
29 36773,0
29 36774,0
29 3679,0
29 36796,0
29 36834,0
29 3729,0
29 3730,0
29 37364,0
29 37365,0
29 37434,0
29 3745,0
29 3890,0
29 3954,0
29 4007,0
29 4076,0
29 4089,0
29 4814,0
29 552,0
29 6000,0
29 6006,0
29 6027,0
29 6071,0
29 6072,0
29 6345,0
29 6353,0
29 6656,0
29 6672,0
30 I00090498+01011,0
30 I00090498+01012,0
30 I00094052+01481,0
30 I00094052+01482,0
30 L01086000+04001,0
30 L56104002+05001,0
30 S00313008+03271,0
30 S00384000+05101,0
31 S002 50816,0
31 S030 45055,0
31 S034 38208,0
31 S034 38800,0
31 S051 03644,0
31 S077 18870,0
31 S080 45531L,0
31 S080 45531R,0
31 S129 00321,0
31 S136 24018,0
31 S159 01373,0
31 S275 19041,0
31 S370 01918,0
31 S480 00413,0
31 S680 01343L,0
31 S680 01343R,0
32 B1847,0
32 B3215,0
33 006502010002400,442
33 006502010002500,443
33 011102350002500,0
33 013101090006800,0
33 013101100006800,0
33 017601920010100,0
33 018100660007100,1297
33 021702470008400,1313
33 021702500011000,1314
33 021702580012800,1310
34 004A006,14582
34 0102151,0
34 0103152,0
34 0109155,0
34 0115150,0
34 0122155,0
34 01EH032,0
34 01EH033,0
34 01EH048,0
34 01M0001,0
34 01V0001,0
34 020004A,0
34 020004B,0
34 020021C,0
34 020021E,0
34 020023A,0
34 020032A,1
34 020056A,1
34 0204151,1
34 0204152,1
34 0206166,0
34 0208150,0
34 0221155,0
34 0222150,0
34 0226164,0
34 0238150,2
34 0302150,0
34 0305152,0
34 0316152,0
34 0317152,1813
34 0326153,0
34 0327167,0
34 0327168,0
34 0328175,0
34 0328176,0
34 03A4700,0
34 03C4001,0
34 03E1002,0
34 03G8045,0
34 03H8001,0
34 042A002,4018
34 043B008,951
34 043C024,0
34 0500001,0
34 0500004,0
34 0500005,0
34 0500006,0
34 0500007,0
34 0500010,0
34 0500016,0
34 0500024,0
34 0500028,0
34 0500029,0
34 0500030,0
34 0501150,0
34 0506150,0
34 0510152,0
34 0511156,0
34 0511157,0
34 0513150,0
34 0517151,0
34 0517152,0
34 0600001,0
34 0600006,0
34 0600008,0
34 0600009,0
34 0601152,0
34 0700H01,0
34 0700H02,2
34 0700H03,1
34 0704150,11
34 0705151,11
34 0731161,0
34 0802H01,18422
34 0805D03,0
34 0805D04,0
34 0806151,20388
34 0817151,0
34 0818151,17249
34 0820156,0
34 0821166,4
34 0821167,4
34 0823157,0
34 0823158,0
34 0901150,20133
34 0905152,10
34 0909157,0
34 1203150,1
34 1203156,1
34 1209155,2
34 1209156,2
34 1222150,0
34 1223150,2
34 1237155,0
34 123B093,1
34 123B170,0
34 13000W3,0
34 13000W7,0
34 13000W9,0
34 1300E18,0
34 1300E20,0
34 1300MT3,0
34 1300MT4,0
34 1300O29,0
34 1300R24,0
34 1300R27,0
34 1300R29,0
34 1300S16,0
34 1300S17,0
34 1300S31,0
34 1300S32,0
34 1300W10,0
34 1300W11,0
34 1300W43,1
34 130MA14,0
34 1311150,0
34 1311151,0
34 1312154,0
34 1313161,0
34 1313162,0
34 1315169,0
34 1321150,0
34 1327162,0
34 1502001,0
34 1505001,0
34 1505002,1
34 1505003,1
34 1505004,1
34 1505150,0
34 1506002,0
34 1506006,0
34 1506007,0
34 1506151,0
34 1506152,0
34 1507007,0
34 1507026,0
34 1508150,0
34 1508151,0
34 1508154,0
34 1511150,0
34 1513151,0
34 1513152,0
34 1513154,0
34 1513155,0
34 1515001,0
34 1515151,0
34 1516001,0
34 1516003,0
34 1516004,0
34 1516005,0
34 1516006,0
34 1525001,0
34 1529003,0
34 1530011,0
34 1533001,0
34 1600004,1
34 1600503,0
34 1601164,1
34 1607168,0
34 1701300,0
34 1710152,32197
34 1712164,0
34 1712165,0
34 2001150,0
34 2001157,0
34 3000001,1833
34 3000002,1822
34 3000003,1827
34 3100001,0
34 3100002,0
34 3100003,0
34 3100005,0
34 3100006,0
34 3200004,37823
34 3200005,37821
34 3500030,0
34 360280N,0
34 360490N,0
34 360490S,0
34 360519N,0
34 360519S,0
34 361093E,0
34 361093I,0
34 361093O,0
34 361093U,0
34 361272N,2
34 361272S,2
34 370280S,0
34 3822507,1339
34 3822508,1339
34 3823040,48822
34 382304B,49823
34 382304C,48277
34 3823051,11154
34 3823052,11134
34 3823069,8462
34 4500001,33253
34 4500003,18940
34 4500010,5341
34 4500011,3880
34 4700001,0
34 E107880,11
34 E109830,3
34 M007850,0
34 M024610,0
34 M040960,0
34 M08166S,0
34 M08424N,1
34 M08424S,1
34 M09623N,7342
34 M09623S,7195
34 M09967A,11014
34 M09970A,11030
34 M099750,11030
34 M09975N,11032
34 M09975S,11025
34 MN9623N,7423
34 MN9970A,11034
34 MS9623S,6935
34 MS9967A,11021
34 N002010,21960
34 P000000,1849
34 W107870,11
34 W112670,1
34 W11267W,1
34 W11272B,1
34 W115360,1
35 000000000009772,0
36 000000001001520,195
36 000000001001579,360
36 000000001004279,0
36 000000001007050,0
36 000000001007350,1179
36 000000001010120,0
36 000000001014680,0
36 000000001014830,0
36 000000001014850,0
36 000000001017130,0
36 000000001019439,0
36 000000001033441,0
36 000000001033442,0
36 000000001037060,39
36 000000001039899,0
36 00000000103989A,0
36 00000000103989C,0
36 000000001041200,0
36 000000001052239,0
36 000000001053730,0
36 000000001055040,1337
36 000000001055911,0
36 000000001055913,0
36 000000001055916,0
36 000000001056759,0
36 000000001056769,0
36 000000001056779,0
36 000000001058499,0
36 000000001058509,0
36 000000001058519,1
36 000000001058770,0
36 000000001058791,0
36 000000001058792,0
36 000000001058811,0
36 000000001058812,0
36 000000001059129,0
36 000000001059149,0
36 000000001059159,0
36 000000001060919,0
36 000000001062850,0
36 00000000106285A,0
36 000000001065318,72886
36 000000001066509,0
36 000000001066529,0
36 000000001066539,0
36 000000001066889,1337
36 000000001069731,7227
36 000000001069732,7221
36 000000001069749,1179
36 000000001070869,0
36 000000001079732,0
36 000000001091819,0
36 000000001092839,0
36 000000001092940,576
36 000000001092981,593
36 000000001092982,594
36 000000001093029,601
36 000000001095910,0
36 000000001240090,1335
36 000000001520141,0
36 000000001520142,0
36 000000002055801,0
36 000000002055802,0
36 000000002066671,488
36 000000002066672,489
36 000000002066919,1334
36 000000002075859,0
36 000000002200010,1
36 000000002200040,0
36 000000002229579,0
36 000000002230219,559
36 000000002231450,0
36 000000002231471,0
36 000000002231472,0
36 000000002231481,0
36 000000002231482,0
36 000000002231509,1
36 000000002231529,1
36 000000002232019,3815
36 00000000223201D,2635
36 000000002232130,558
36 000000002240019,2742
36 000000002240027,1708
36 000000002240028,2019
36 000000002240039,1020
36 000000002240047,560
36 000000002240059,563
36 000000002240069,553
36 000000002240079,1314
36 000000002240089,1330
36 000000002240120,1329
36 000000002240137,1335
36 000000002240180,0
36 000000002240200,0
36 000000002240210,0
36 000000002240231,1775
36 000000002240232,1774
36 000000002240240,1772
36 000000002240250,1740
36 000000002240260,2365
36 000000002240270,2369
36 000000002240290,0
36 000000002240301,1
36 000000002240350,2
36 000000002240370,550
36 000000002240390,0
36 000000002240410,555
36 000000002240440,0
36 000000002240450,556
36 000000002240499,0
36 000000002240639,557
36 000000002240640,560
36 000000002240660,586
36 000000002248250,0
36 000000002260430,292
36 000000002260450,362
36 000000002260650,2
36 000000002260660,0
36 000000002260880,0
36 000000002260960,1
36 000000002261500,0
36 000000003019570,0
36 000000003300010,0
36 000000003300140,0
36 000000003300150,0
36 000000003300271,0
36 000000003300272,0
36 000000003300290,0
36 000000003300301,1
36 000000003300302,1
36 000000003300440,0
36 000000003300450,0
36 000000003300480,0
36 000000003300500,0
36 000000003300510,0
36 000000003300520,0
36 000000003300610,0
36 000000003300620,0
36 000000003300630,0
36 000000003300640,0
36 000000003300660,0
36 000000003300670,1
36 000000003300690,0
36 000000003300710,0
36 000000003300720,0
36 000000003300730,0
36 000000003300740,0
36 000000003300750,0
36 000000003300760,0
36 000000003300770,0
36 000000003300790,0
36 000000003307180,0
36 000000003317120,0
36 000000003326780,0
36 000000003348220,0
36 000000003348610,0
36 000000003348880,0
36 000000003360539,0
36 000000003360540,0
36 000000003364460,0
36 000000004000300,0
36 000000004000950,0
36 000000004001020,0
36 000000004001040,0
36 000000004001130,0
36 000000004001970,0
36 000000004002311,0
36 000000004002312,0
36 000000004002590,0
36 000000004005580,0
36 000000004007950,0
36 000000004008540,0
36 000000004010620,0
36 000000004011030,0
36 000000004016480,0
36 000000004017120,0
36 000000004018871,0
36 000000004018872,0
36 000000004020060,0
36 000000004020700,0
36 000000004021420,0
36 000000004021480,1
36 000000004021760,0
36 000000004021800,0
36 000000004021910,0
36 000000004021940,0
36 000000004022190,0
36 000000004022510,0
36 000000004023370,0
36 000000004024330,0
36 000000004025690,0
36 000000004025890,0
36 000000004027420,0
36 000000004028510,1
36 000000004029210,0
36 000000004030970,0
36 000000004031761,0
36 000000004031762,0
36 000000004033181,0
36 000000004033182,0
36 000000004034230,0
36 000000004034310,0
36 000000004035060,0
36 000000004035279,0
36 000000004036250,0
36 000000004038360,0
36 000000004038470,0
36 000000004038920,0
36 000000004039820,0
36 000000004039850,0
36 000000004039860,0
36 000000004043850,0
36 000000004044050,0
36 000000004045180,1
36 000000004046860,0
36 000000004047410,0
36 000000004048050,0
36 000000004048130,0
36 000000004050129,0
36 000000004050290,0
36 000000004050330,0
36 000000004050701,0
36 000000004050702,0
36 000000004051011,0
36 000000004051012,0
36 000000004051180,0
36 000000004051720,0
36 000000004051770,0
36 000000004053701,0
36 000000004053702,0
36 000000004053920,53
36 000000004060410,0
36 000000004060680,0
36 000000004062531,0
36 000000004062532,0
36 000000004070541,0
36 000000004070542,0
36 000000004070890,0
36 000000004093220,0
36 000000004206450,0
36 000000004308230,0
36 000000004309630,0
36 000000004310090,0
36 000000004415010,0
36 000000004415030,0
36 000000004415090,0
36 000000004415100,0
36 000000004415130,0
36 000000004415150,0
36 000000004417050,0
36 000000004418020,0
36 000000004418040,0
36 000000004418070,0
36 000000004418080,0
36 000000004418090,0
36 000000004418100,0
36 000000004418120,0
36 000000004418130,0
36 000000004418140,0
36 000000004423010,0
36 000000004423040,0
36 000000004423050,0
36 000000004423060,0
36 000000004423081,0
36 000000004423082,0
36 000000004425020,0
36 000000004425030,0
36 000000004425059,0
36 000000004426010,0
36 000000004426020,0
36 000000004426030,0
36 000000004426040,0
36 000000004426060,0
36 000000004426080,0
36 000000004426090,0
36 000000004426240,0
36 000000004426299,0
36 000000004426331,0
36 000000004426332,0
36 000000004426450,0
36 000000004426460,0
36 000000004431020,0
36 000000004431030,0
36 000000004431040,0
36 000000004433020,0
36 000000004433030,0
36 000000004433040,0
36 000000004433050,0
36 000000004433071,0
36 000000004433072,0
36 000000004433080,0
36 000000004433099,0
36 000000004433110,1
36 000000004433130,0
36 000000004433140,0
36 000000004434060,1
36 000000004434070,1
36 000000004434090,0
36 000000004434120,0
36 000000004434140,0
36 000000004434190,51
36 000000004435010,0
36 000000004435021,0
36 000000004435022,0
36 000000004435070,0
36 000000004435080,0
36 000000004435090,0
36 000000004435100,0
36 000000004437030,0
36 000000004437060,0
36 000000004437080,0
36 000000004437090,0
36 000000004437110,0
36 000000004437130,0
36 000000004437150,0
36 000000004437160,0
36 000000004437170,0
36 000000004437180,0
36 000000004437190,0
36 000000004437200,0
36 000000004437220,0
36 000000004437230,0
36 000000004437290,0
36 000000004437300,1
36 000000004443010,0
36 000000004443020,0
36 000000004443030,0
36 000000004443040,0
36 000000004443050,0
36 000000004443060,0
36 000000004443070,0
36 000000004443080,0
36 000000004443090,0
36 000000004443100,0
36 000000004443110,0
36 000000004443120,0
36 000000004443130,0
36 000000004443140,0
36 000000004443150,0
36 000000004443160,0
36 000000004443180,0
36 000000004443190,0
36 000000004443200,0
36 000000004443210,0
36 000000004443220,0
36 000000004443230,0
36 000000004443240,0
36 000000004443250,0
36 000000004443260,0
36 000000004443270,0
36 000000004443289,0
36 000000004443290,0
36 000000004443300,0
36 000000004443310,0
36 000000004443330,0
36 000000004443340,0
36 000000004443350,0
36 000000004443361,0
36 000000004443362,0
36 000000004443380,0
36 000000004443400,0
36 000000004443410,0
36 000000004443429,0
36 000000004443590,0
36 000000004443800,0
36 000000004443820,0
36 000000004443840,0
36 000000004443851,0
36 000000004443852,0
36 000000004443861,0
36 000000004443862,0
36 000000004445010,0
36 000000004445020,0
36 000000004445030,0
36 000000004445040,0
36 000000004445050,0
36 000000004445060,0
36 000000004445070,0
36 000000004445080,0
36 000000004445090,0
36 000000004445100,0
36 000000004445110,0
36 000000004445120,0
36 000000004445130,0
36 000000004445140,0
36 000000004445150,0
36 000000004445160,0
36 000000004445170,0
36 000000004445180,0
36 000000004445190,0
36 000000004445200,0
36 000000004445210,0
36 000000004445220,0
36 000000004445230,0
36 000000004445260,0
36 000000004445270,0
36 000000004445280,0
36 000000004445290,0
36 000000004445320,0
36 000000004453010,0
36 000000004453020,0
36 000000004453030,0
36 000000004453040,0
36 000000004454020,0
36 000000004454030,0
36 000000004454060,0
36 000000004454080,1
36 000000004454090,1
36 000000004454100,1
36 000000004454110,0
36 000000004454120,0
36 000000004454130,0
36 000000004454140,0
36 000000004454150,0
36 000000004454160,0
36 000000004454170,0
36 000000004454190,1
36 000000004454200,1
36 000000004454240,0
36 000000004454290,1
36 000000005006599,922
36 000000005017820,1138
36 000000005025530,1172
36 000000005040010,1191
36 000000005043981,1
36 000000005043982,1
36 000000005045751,0
36 000000005045752,0
36 000000005060381,1175
36 000000005060382,1175
36 000000005068199,0
36 000000005068299,0
36 000000005075439,0
36 000000005200050,0
36 000000005503400,1158
36 000000005514829,0
36 000000005516290,0
36 000000005516341,1345
36 000000005516342,1345
36 00000000551634A,1286
36 00000000551634B,1298
36 00000000551634C,1300
36 000000005521180,0
36 000000005521209,567
36 000000005521217,68162
36 000000005521218,68341
36 000000005521229,325
36 000000005521239,1
36 00000000552123A,1
36 00000000552123C,1
36 00000000552123D,1
36 00000000552123E,1
36 000000005521240,0
36 000000005521257,1337
36 000000005521258,1337
36 000000005521269,331
36 00000000552126B,321
36 000000005521889,1966
36 000000005522507,1339
36 000000005522508,1339
36 000000005523040,48812
36 000000005523051,11154
36 000000005523052,11134
36 000000005523069,8462
36 000000005523220,6787
36 000000005523230,8545
36 000000005523240,12492
36 000000005523630,7209
36 000000005524500,11515
36 000000005524510,11432
36 000000006012240,0
36 000000006046330,0
36 000000006062761,0
36 000000006062762,0
36 000000006064850,0
36 000000007708440,0
36 000000007709000,0
36 4870001P0000000,0
37 2NC0328,0
37 2NCA129,0
37 000000000000G14,0
37 000000000130025,0
37 000000000130353,0
37 000000000150001,1
37 000000000150007,0
37 000000000150038,1
37 000000000150157,1
37 000000000190013,0
37 000000000190014,0
37 000000000190071,0
37 000000000190198,0
37 000000000190229,0
37 000000000310006,0
37 000000000310012,0
37 000000000310013,1769
37 000000000310014,0
37 000000000310045,0
37 000000000310068,10
37 000000000310119,0
37 000000000490060,0
37 000000000490083,0
37 000000000490084,0
37 000000000490222,0
37 000000000490231,0
37 000000000490236,0
37 000000000530016,2
37 000000000530035,2
37 000000000550009,1
37 000000000550012,0
37 000000000550054,4
37 000000000550072,1
37 000000000630117,0
37 000000000910009,0
37 000000000910032,1
37 000000000910153,1
37 000000000950020,0
37 000000000950022,0
37 000000001290011,78
37 000000001290012,0
37 000000001290013,3879
37 000000001290027,401
37 000000001290030,0
37 000000001290031,0
37 000000001290048,0
37 000000001290049,0
37 000000001290103,1
37 000000001330017,0
37 000000001330028,0
37 000000001330253,1
37 000000001370015,0
37 000000001370053,0
37 000000001390019,0
37 000000001390027,0
37 000000001410016,0
37 000000001430014,0
37 000000001430080,0
37 000000001470127,0
37 000000001590244,0
37 000000001770002,0
37 000000001770007,0
37 000000001870015,1
38 0023046203,0
38 0058008514,0
38 0085181526,0
38 0094156609,0
38 0094920914,0
38 011801000015287,0
38 0200924623,0
38 0810000846,0
39 0406635,1527
39 0503088,0
39 0705950,0
39 0706396,0
39 0706397,0
39 0800333,0
39 0801305,0
39 0936871,0
39 1502387,0
39 1502388,0
39 1502395,0
39 1502396,0
39 1502698,0
39 1800035,5317
39 1800930,5249
39 1801503,4709
39 1808788,2004
39 1809431,1912
39 1811991,823
39 1833758,4978
39 1869264,5198
39 1869345,5288
39 1869604,4992
39 1869728,1955
39 1869981,5409
39 2200031,0
39 2200090,0
39 2201984,61
39 2229463,0
39 2230186,0
39 2534126,0
39 2701464,0
39 3101584,0
39 3101975,0
39 3102475,0
39 3107787,0
39 3117278,0
39 3117286,0
39 3117677,0
39 3117685,0
39 3130142,0
39 3502392,0
39 3530248,0
39 3601502,0
39 4100964,0
39 4101960,0
39 4400089,0
39 4400992,0
39 4401018,0
39 4401174,0
39 4401263,0
39 4404084,0
39 4602315,0
39 4603524,0
39 4700813,370
39 4707443,155
39 4800303,925
39 4802765,770
39 4802767,773
39 4805909,1354
39 4805917,1352
39 4829956,0
39 4860004,1113
39 5300916,0
39 5301874,0
39 5531977,0
39 5602866,0
39 5800129,0
39 5801133,0
39 6031308,0
39 6200338,0
39 6200788,0
39 6201628,0
39 7200579,0
39 7234230,0
39 7300026,0
39 7306830,0
39 8401225,0
39 8401227,0
39 8401608,0
39 8402108,0
39 8402485,0
39 8402906,0
39 8404380,0
39 8430128,0
39 8490007,0
39 8702463,0
39 CEPORHKY4028601,0
40 095440000000000,0
40 138200000000000,0
40 142100000000000,0
40 155850000000000,0
40 155860000000000,0
40 155870000000000,0
40 158580000000000,0
40 158590000000000,0
40 158680000000000,0
40 170440000000000,0
40 170510000000000,0
40 176010000000000,0
40 176030000000000,0
40 176040000000000,0
40 176090000000000,0
40 176110000000000,0
40 179540000000000,0
40 179570000000000,0
40 179580000000000,0
40 179600000000000,0
40 179610000000000,0
40 179620000000000,0
40 181470000000000,0
40 192470000000000,0
40 241090000000000,0
40 258220000000000,0
40 260350000000000,0
40 262780000000000,0
40 287400000000000,0
40 302670000000000,0
40 306470000000000,0
40 306480000000000,0
40 309890000000000,0
40 312960000000000,0
40 312990000000000,0
40 314350000000000,0
40 314360000000000,0
40 314380000000000,0
40 314570000000000,0
40 314800000000000,0
40 315320000000000,0
40 315840000000000,0
40 316830000000000,0
40 316930000000000,0
40 317510000000000,0
40 317920000000000,0
40 318360000000000,0
40 319300000000000,0
40 319710000000000,0
40 320150000000000,0
40 320610000000000,0
40 321020000000000,0
40 321620000000000,0
40 322490000000000,0
40 322500000000000,0
40 322560000000000,0
40 322570000000000,0
40 323080000000000,0
40 323760000000000,0
40 323780000000000,0
40 323820000000000,0
40 323830000000000,0
40 323850000000000,0
40 324800000000000,0
40 324850000000000,0
40 325080000000000,0
40 325210000000000,0
40 325320000000000,0
40 326110000000000,0
40 328030000000000,0
40 328050000000000,0
40 328090000000000,0
40 328110000000000,0
40 329190000000000,0
40 330610000000000,0
40 330740000000000,0
40 330940000000000,0
40 331480000000000,0
40 331780000000000,0
40 331810000000000,0
41 00123K030 02590,0
41 00200A026 10236,0
41 00330 105 00689,1249
41 00357 003 01143,0
41 00511 000000000,971
41 00574F009 04561,0
41 00583E058 02909,0
41 00598D244 01678,0
41 00711 105 00478,0
41 00849A042X00043,0
41 01000B455 02839,0
41 01025D031 01044,0
41 01132F241 00051,6
41 01143D009 35798,0
41 01173D009 16473,0
41 01372A871 00007,0
41 01377A001 30838,1960
41 01463A007 26681,0
41 01582 164 00624,0
41 01746B009 15554,0
41 01820 009 14168,4
41 01820B009 14182,4
41 01821E009 19098,0
41 01822 009 21111,4
41 01823 009 23403,379
41 01823A009 23368,370
41 01823B009 23433,386
41 01827B 02W 0925,0
41 01940G240 00839,905
41 02046 02WC04892,23844
41 02230A070 00039,0
41 02254A001 28311,0
41 02278E241 00223,3
41 02320A102 00460,0
41 02376B001 28951,0
41 02459 009 12761,0
41 02478C009 23920,6
41 02513A002600405,0
41 02529 061 00332,1161
41 02728 210 00013,0
41 02757 000000000,537
41 02758 000000000,914
41 03166B009 24181,0
41 03184A244 00728,0
41 04335A455Y02130,0
41 05054 026 00077,0
41 05789A005300000,0
41 060609000001455,0
41 061405000003071,0
41 06497 123 00091,4268
41 06514A009 24181,0
41 06635Q004 00000,0
41 06645 002C06462,0
41 06683 01WX00036,982
41 06757 000000000,1081
41 07020 009 25965,0
41 07176 241 00373,0
41 07253B030 02595,0
41 07333 001 30838,1908
41 07949C009 00241,23369
41 07949E00900254,8477
41 08107E006 37792,0
41 08107W006 37792,0
41 08306 009 00491,22941
41 08328 001 30038,40
41 08979 012 07080,0
41 09179 210 00013,0
41 09195 018600073,0
41 09403 064 00913,0
41 09555 064 02632,1
41 09806 031 01045,0
41 09906 009 12016,0
41 11226A105 00017,596
41 11315A885 00005,0
41 11366A915 00288,0
41 13811 455Y01366,0
41 16056 000000000,0
41 16057 000000000,0
41 16188 064 02525,0
41 16424 070 00040,0
41 16526 001 30759,47
41 18028 007200100,0
41 18175 009 21046,4
41 18544 009 23309,357
41 19663 000 00016,0
41 19C500  48  017,4
41 19C509 195  001,0
41 20136 000000000,4676
41 21493 000 00001,0
41 22258 000 00000,1
41 22627 045 01643,0
41 25B105000 00000,15722
41 CEPNPPOR000BD12,0
41 T02728 21000013,0
42 000000000000488,0
42 000000000000535,0
42 000000000000712,0
42 000000000000897,0
42 000000000000952,0
42 000000000001011,0
42 000000000001014,0
42 000000000001019,0
42 000000000001020,0
42 000000000001022,0
42 000000000001023,0
42 000000000001027,0
42 000000000001108,0
42 000000000001116,0
42 000000000001120,0
42 000000000001244,0
42 000000000001310,0
42 000000000001366,0
42 000000000001380,0
42 000000000001475,0
42 000000000001552,0
42 000000000001640,0
42 000000000001651,0
42 000000000001668,0
42 000000000001672,0
42 000000000001674,0
42 000000000001742,0
42 000000000001808,0
42 000000000001876,0
42 000000000001966,0
42 000000000002381,0
42 000000000002382,0
42 000000000002383,0
42 000000000002384,0
42 000000000002388,0
42 000000000002503,0
42 000000000002574,0
42 000000000002666,0
42 000000000002777,0
42 000000000002813,0
42 000000000002820,0
42 000000000002821,0
42 000000000003085,0
42 000000000003157,0
42 000000000003442,0
42 000000000003482,0
42 000000000003522,0
42 000000000003593,0
42 000000000003783,0
42 000000000003894,0
42 000000000003900,0
42 000000000006764,1795
42 000000000007590,1822
42 000000000014926,22767
42 000000000014959,22854
42 000000000015452,33253
42 000000000022323,0
42 000000000022324,0
42 000000000022485,0
42 000000000024943,0
42 000000000028954,0
42 000000000029008,0
42 000000000029046,0
42 000000000029048,0
42 000000000034398,0
42 000000000034533,0
42 000000000034863,0
42 000000000035024,0
42 000000000038389,0
42 000000000038530,18883
42 000000000038666,20009
42 000000000038742,1827
42 000000000038898,3
42 000000000038906,0
42 000000000038938,0
42 000000000038987,7
42 000000000038999,0
42 000000000039190,18940
42 000000000039199,3880
42 000000000039265,5341
42 000000000039272,1833
42 000000000040339,0
42 000000000040785,0
42 000000000040862,0
42 000000000041623,1849
42 000000000043172,0
42 000000000043180,0
42 000000000045768,0
42 000000000046492,0
42 000000000046493,0
42 000000000048002,0
42 000000000048298,0
42 000000000048537,0
42 000000000048978,0
42 000000000054444,0
42 000000000069671,18449
42 4870001P0000000,0
44 000000000001935,0
44 000000000002000,1661
44 000000000002505,0
44 000000000003000,122
44 000000000006005,345
44 000000000008000,1
44 000000000009000,6255
44 000000000010810,1639
44 000000000011365,0
45 2SC0896,0
45 000000000000024,0
45 000000000000174,0
45 000000000000228,1
45 000000000000356,0
45 000000000000686,0
45 000000000000687,0
45 000000000000793,0
45 000000000000924,0
45 000000000000926,0
45 000000000001170,0
45 000000000001287,0
45 000000000001288,1
45 000000000001289,1
45 000000000001303,21595
45 000000000001348,29793
45 000000000001793,0
45 000000000001823,0
45 000000000001840,0
45 000000000001931,0
45 000000000002265,0
45 000000000002297,0
45 000000000002298,0
45 000000000002300,0
45 000000000002301,0
45 000000000002302,0
45 000000000002303,1
45 000000000002662,0
45 000000000002668,1
45 000000000002996,0
45 000000000003186,0
45 000000000003607,1
45 000000000003636,1
45 000000000003784,0
45 000000000003787,0
45 000000000004147,0
45 000000000004443,0
45 000000000004465,0
45 000000000004518,0
45 000000000004759,0
45 000000000004760,0
45 000000000004792,0
45 000000000005015,0
45 000000000005025,0
45 000000000005032,0
45 000000000005061,0
45 000000000005184,0
45 000000000005196,0
45 000000000005219,0
45 000000000005249,1
45 000000000005258,1
45 000000000005327,0
45 000000000005501,0
45 000000000005692,0
45 000000000005709,0
45 000000000005927,0
45 000000000005960,0
45 000000000006117,0
45 000000000006476,0
45 000000000006479,0
45 000000000006961,0
45 000000000007115,0
45 000000000007329,0
45 000000000007330,0
45 000000000007342,0
45 000000000007425,0
45 000000000007537,0
45 000000000007538,0
45 000000000007650,0
45 000000000007653,0
45 000000000007777,0
45 000000000007889,0
45 000000000008138,11657
45 000000000008159,0
45 000000000008222,0
45 000000000008233,14
45 000000000008235,14572
45 000000000008238,13907
45 000000000008372,0
45 000000000008413,0
45 000000000008516,13037
45 000000000008517,4
45 000000000008526,16
45 000000000008527,9513
45 000000000008528,9637
45 000000000008529,10041
45 000000000008617,29935
45 000000000008624,1
45 000000000008713,0
45 000000000008714,0
45 000000000008719,0
45 000000000008720,3
45 000000000008750,0
45 000000000008999,1
45 000000000009396,0
45 000000000009558,2
45 000000000009718,0
45 000000000009719,0
45 000000000009722,0
45 000000000009824,30587
45 000000000009854,0
45 000000000009889,1
45 000000000009957,0
45 000000000009973,0
45 000000000010016,0
45 000000000010088,0
45 000000000010089,0
45 000000000010094,0
45 000000000010095,0
45 000000000010107,0
45 000000000010185,1131
45 000000000010203,0
45 000000000010262,0
45 000000000010519,0
45 000000000010532,0
45 000000000010538,0
45 000000000010574,0
45 000000000010658,0
45 000000000010709,0
45 000000000010794,0
45 000000000010805,0
45 000000000010808,0
45 000000000010828,0
45 000000000010869,11541
45 000000000010961,0
46 000000008061094,0
46 000000008068084,0
46 000000012085080,0
46 000000014104249,0
46 000000033100118,0
46 000000054056158,0
46 000000065000020,0
46 CEPMROSD0000009,0
47 010A0880003,0
47 01I00750023,0
47 01I00750024,0
47 01S24740001,0
47 01SR0090015,0
47 01SR0610015,0
47 01SR0610016,0
47 01SR0620001,0
47 03I00400009,0
47 03SR0010023,0
47 06I00750027,0
47 06I00750028,0
47 06SR0020015,0
47 11SR0490009,0
47 14SR0520011,0
47 14SR0530007,0
47 19053330001,0
47 19F00210005,0
47 19I00240119,0
47 19I00240120,0
47 19I00400137,0
47 19I00650145,0
47 19L32580001,0
47 19M32440001,0
47 19S63260013,0
47 19S63260014,0
47 19SR0060015,0
47 19SR0120005,0
47 19SR0240021,0
47 19SR1550029,0
47 20SR0200013,0
47 23I01550001,0
47 33006030001,0
47 33035460001,0
47 33FA0271001,0
47 33FA0940003,0
47 33SR0080007,0
47 36SR0150009,0
47 36SR1140001,0
47 40SR0760021,0
47 43017960001,0
47 43S63730003,0
47 43SR0130013,0
47 44SR0560009,0
47 44SR0852005,0
47 47I00400099,0
47 47I01400037,0
47 47L37750001,0
47 47SR0330011,0
47 47SR1150009,0
47 47X00710001,0
47 53I00750015,0
47 53I00750016,0
47 53SR0020005,0
47 53SR0950009,0
47 53SR0950010,0
47 53SR0950011,0
47 58I00240043,0
47 58SR0020023,0
47 58SR1560001,0
47 61SR0580003,0
47 61SR0600001,0
47 62E00010001,0
47 62S24150001,0
47 62SR0330003,0
47 63I00240013,0
47 63I00240014,0
47 63S61180001,0
47 63S62701005,0
47 63S63630003,0
47 63SR0120013,0
47 63SR0130007,0
47 63SR0130015,0
47 72SR0300013,0
47 73023740005,0
47 73I00400013,0
47 73S24010001,0
47 73SR0010007,0
47 73SR0290003,0
47 73SR0580001,0
47 73SR0580003,0
47 75E00720007,0
47 75F00030001,0
47 75F00090001,0
47 79028040001,0
47 79I00400001,0
47 79I00400143,0
47 79I00400145,0
47 79I00550101,0
47 800A3920001,0
47 80SR0250015,0
47 81SR0760007,0
47 85SR1410005,0
47 95SR0100017,0
47 95SR1090009,0
47 33SR1530021,0
47 36SR1280001,0
47 53012490001,0
47 5460040P0000000,0
47 72SR0680009,0
48 010920008110365,0
48 090500051301123,0
48 111870021303095,0
48 112280010908023,0
48 112280031901052,0
48 112280047509093,0
48 120200018806036,0
48 120200018806037,0
48 120200058601013,14721
48 120200058701005,7533
48 120200097701001,0
48 120200100301012,0
48 120200100401006,0
48 120200252402004,0
48 120200AA0887005,1
48 120200C00490002,276
48 120200C00490003,272
48 120850036702023,0
48 120850038906068,2
48 120850038906117,2
48 120850050001373,0
48 120850050001374,0
48 120850050004030,0
48 120850AA0276001,1
48 120850AA0276308,1
48 120850AA0709001,0
48 120850B00535001,0
48 120850B00535002,0
48 120850B00790001,5913
48 120850CC0050001,0
48 120850L00961001,1
48 121020002710062,3152
48 121020002710063,2969
48 121020027115377,11530
48 121020038905081,1
48 121020038905364,1
48 121020038912089,96272
48 121020038912090,96273
48 121020168503038,0
48 121020168503039,0
48 121020318701002,0
48 121020325603075,65984
48 121020B30433565,9660
48 121020B34713149,0
48 121020B40177004,0
48 121020B42473004,29836
48 121020B67161001,0
48 130290017910061,2546
48 130290018001034,0
48 131580060401004,0
48 131580084603014,1
48 131580C00005001,0
48 161780010106041,23314
48 161780010106046,22588
48 161780010106063,22586
48 161780061702026,0
48 161780226302004,0
48 161960073801016,0
48 180610F00460002,0
48 200360050802022,0
48 200360050802032,1
48 200360050802179,0
48 200360318702001,0
48 201240030603015,25538
48 201240030603030,26108
48 201240030701014,37594
48 201240236701001,31478
48 201240236701003,37065
48 201810002809504,3751
48 201810002809505,3749
48 201810030601017,0
48 201810030601021,0
48 201810AA2690006,0
48 210310033104005,3539
48 210310063002003,0
48 222330002206068,0
48 222330002209070,0
50 200028000807042,0
50 200032B00101012,0
50 200036000207012,0
50 200290000107032,0
51 000000000000152,0
51 000000000000357,0
51 000000000001341,0
51 000000000001818,2
51 000000000001826,1
51 000000000004428,1
51 000000000004492,0
51 000000000005708,0
51 000000000006131,0
51 000000000006141,0
51 000000000006228,1
51 000000000006229,1
51 000000000010007,39
51 000000000010364,7356
51 000000000010663,0
51 000000000010685,0
51 000000000011833,0
51 000000000011836,0
51 000000000012088,0
51 000000000012752,0
51 000000000012753,0
51 000000000014031,42
51 000000000014058,1
51 000000000014059,1
51 000000000014069,333
51 000000000014264,1
51 000000000014265,1
51 000000000014774,0
51 000000000014782,0
51 000000000018070,1
51 000000000019221,0
51 000000000019824,16
51 000000000020310,1
51 000000000020352,42174
51 000000000020353,42185
51 000000000020355,41673
51 000000000020381,41688
51 000000000020752,43950
51 000000000020753,43930
51 000000000020913,2
51 000000000020914,2
51 000000000020936,3279
51 000000000020943,0
51 000000000020947,3376
51 000000000020962,3365
51 000000000021023,6433
51 000000000021024,6379
51 000000000021040,0
51 000000000021145,0
51 000000000021177,0
51 000000000021199,3
51 000000000021215,16950
51 000000000021797,1
51 000000000021868,262
51 000000000021891,0
51 000000000021935,0
51 000000000022023,2
51 000000000022024,1
51 000000000022025,2
51 000000000022026,1
51 000000000022029,0
51 000000000022039,4
51 000000000022040,4
51 000000000022060,2
51 000000000022180,1
51 000000000022190,0
51 000000000022191,1
51 000000000022265,0
51 000000000022267,0
51 000000000022278,1
51 000000000022280,1
51 000000000022615,1
51 000000000022617,1
51 000000000022618,1
51 000000000023232,1
51 000000000023233,1
51 000000000023301,0
51 000000000023487,1
51 000000000023705,0
51 000000000024173,1
51 000000000024627,1
51 000000000024817,0
51 000000000024819,0
51 000000000025094,0
51 000000000025227,42
51 000000000025886,0
51 000000000026122,2
51 000000000026123,1
51 000000000026186,0
51 000000000026328,0
51 000000000026411,0
51 000000000026479,1
51 000000000026753,1
51 000000000027128,0
51 000000000027144,1092
51 000000000027293,18
51 000000000027294,18
51 000000000027474,1
51 000000000027534,0
51 000000000027874,0
51 000000000028011,0
51 000000000028635,0
51 000000000028794,1
51 000000000029861,0
51 000000000030154,5
51 000000000030717,3369
51 000000000030831,232
51 000000000031103,1
51 000000000031297,41658
51 000000000031380,42173
51 000000000032008,1
51 080804000003185,0
51 4190001P0000000,0
51 4290026P0000000,336
51 5140206P0000000,0
53 000000HH0000000,0
53 000000JJ0000000,0
53 000000KO0000000,0
53 000000KP0000000,0
53 000000LM0000000,6
53 000000LR0000000,0
53 000000PC0000000,0
53 000000PD0000000,0
53 000000PH0000000,0
53 000000PR0000000,1960
53 0000965A0000000,1
53 0000965C0000000,0
53 0001084A0000000,1572
53 0001447A0000000,3
53 0001457A0000000,0
53 0001929A0000000,0
53 0002069A0000000,0
53 0002311A0000000,1
53 0002348A0000000,0
53 0002376A0000000,16656
53 0002377A0000000,0
53 0002473A0000000,0
53 0002559A0000000,0
53 0002613A0000000,0
53 0002658A0000000,0
53 0003297A0000000,0
53 0003381A0000000,0
53 0003418A0000000,391
53 0003477A0000000,0
53 0003573A0000000,0
53 0003717A0000000,1
53 0003749A0000000,0
53 0003760A0000000,23844
53 0003762A0000000,0
53 0003765B0000000,0
53 0003802B0000000,0
53 0004106A0000000,0
53 0004195A0000000,0
53 0004331A0000000,1
53 0004367A0000000,0
53 0004367B0000000,0
53 0004373A0000000,0
53 0004386A0000000,0
53 0004400A0000000,0
53 0004794A0000000,0
53 0004856A0000000,0
53 0004872A0000000,146
53 0005195A0000000,0
53 0005216A0000000,1908
53 0005452A0000000,4623
53 0005565A0000000,73
53 0005638A0000000,0
53 0005727A0000000,0
53 0005827A0000000,0
53 0006080A0000000,0
53 0006321A0000000,18788
53 0006533A0000000,0
53 0006539A0000000,0
53 0006835A0000000,0
53 0006845A0000000,0
53 0007138A0000000,0
53 0007171A0000000,0
53 0007171B0000000,0
53 0007619A0000000,0
53 0007666D0000000,23511
53 0007868A0000000,0
53 0008226D0000000,0
53 0008226E0000000,0
53 0008256A0000000,1
53 0008256B0000000,1
53 0008264C0000000,0
53 0008266B0000000,2
53 0008382A0000000,0
53 0008382C0000000,0
53 0008382D0000000,0
53 0008390A0000000,0
53 0008400A0000000,0
53 0008494A0000000,0
53 0008566A0000000,0
53 0008574A0000000,1551
53 0008610A0000000,0
53 0008610B0000000,0
53 0008610E0000000,0
53 0008610G0000000,0
53 0008655A0000000,0
53 0008759C0000000,19725
53 0008759D0000000,19733
53 0008842A0000000,0
53 0009100A0000000,18774
53 0009102A0000000,0
53 0009107A0000000,0
53 0010833A0000000,1
53 0010850A0000000,0
53 0011490A0000000,0
53 0011612A0000000,0
53 0011964A0000000,0
53 0012042A0000000,0
53 0012042B0000000,0
53 0012641A0000000,0
53 0012800A0000000,0
53 0012819A0000000,0
53 0012833B0000000,0
53 0012833C0000000,0
53 0012912A0000000,0
53 0013358A0000000,0
53 0013743A0000000,0
53 0014459A0000000,151
53 0015511A0000000,14
53 0016441A0000000,391
53 0016525A0000000,0
53 0016525B0000000,0
53 0016525C0000000,0
53 0017926A0000000,78
53 0017948A0000000,0
53 0018066A0000000,0
53 0018066B0000000,0
53 0018066C0000000,0
53 0018105A0000000,0
53 0018625A0000000,0
53 0019015B0000000,0
53 002005190000000,0
53 002005200000000,0
53 079969000000000,0
53 080439000000000,0
53 080624000000000,0
53 080725000000000,0
53 081192000000000,0
53 082097000000000,0
53 083461000000000,0
53 083744000000000,0
53 084670000000000,0
53 084708000000000,0
53 084845000000000,0
53 085179000000000,0
53 085278000000000,0
53 085283000000000,0
53 085302000000000,7773
53 085555000000000,0
53 085944000000000,7857
53 086506000000000,1
53 087257000000000,0
53 087578000000000,0
53 088701000000000,2
54 00000000005A060,0
54 00000000005A088,0
54 00000000006A168,0
54 00000000006A215,0
54 00000000006A222,0
54 00000000006A262,0
54 00000000010A020,0
54 00000000015A023,0
54 00000000015A024,0
54 00000000015A025,0
54 00000000015A026,0
54 00000000015A801,0
54 00000000018A183,0
54 00000000020A146,0
54 00000000020A336,1
54 00000000020A337,0
54 00000000020A360,0
54 00000000020A364,0
54 00000000020A387,0
54 00000000020A397,1
54 00000000020A430,1
54 00000000020A431,1
54 00000000020A639,0
54 00000000020A640,0
54 00000000020A735,0
54 00000000020A769,1
54 00000000020A842,0
54 00000000020A857,0
54 00000000020A901,1
54 00000000020A902,1
54 00000000020A903,1
54 00000000020A904,1
54 00000000020A905,1
54 00000000025A109,0
54 00000000025A189,0
54 00000000025A227,0
54 00000000025A242,0
54 00000000025A248,0
54 00000000025A279,0
54 00000000026A084,0
54 00000000027A063,0
54 00000000027A146,0
54 00000000027A171,0
54 00000000027A196,0
54 00000000030A109,0
54 00000000030A187,0
54 00000000030A188,0
54 00000000030A196,0
54 00000000030A197,0
54 00000000030A282,0
54 00000000031A051,0
54 00000000031A170,0
54 00000000031A286,0
54 00000000035A061,0
54 00000000035A090,0
54 00000000035A123,0
54 00000000037A027,0
54 00000000037A028,0
54 00000000040A035,0
54 00000000040A123,0
54 00000000040A182,0
54 00000000040A189,0
54 00000000050A170,0
54 00000000050A182,0
54 00000000050A183,0
54 00000000052A007,0
54 00000000054A037,0
54 00000000054A103,0
54 00000000054A141,0
54 00000000054A159,0
54 00000000054A172,0
54 00000000054A200,0
54 00000000054A205,0
54 00000000054A216,0
54 00000000054A217,0
54 00000000054A246,0
54 00000000054A907,0
54 CEPORHWV5029307,0
55 0000F55432B0333,0
55 090201000001001,0
55 090201000001002,0
55 090201000001004,0
55 090201000001005,0
55 090201000001006,0
55 090202000001007,0
55 090202000001011,0
55 090202000001018,0
55 090202000001021,0
55 090202000001024,0
55 090202000001025,0
55 090203000001028,0
55 090203000001029,0
55 090203000001030,0
55 090203000001032,0
55 090203000001033,0
55 090203000001035,0
55 090203000001036,0
55 090204000001009,0
55 090204000001013,0
55 090204000001014,0
55 090204000001015,0
55 090204000001016,0
55 090204000001020,0
55 090204000001022,0
55 090204000001023,0
55 090204000001026,0
55 B05013400130000,588
55 B05014900000000,0
55 B05015800100000,1246
55 B05026900020000,977
55 B05031100000000,1139
55 B05033900000000,0
55 B05038100000000,0
55 B06007900000000,0
55 B09038900000000,0
55 B12000900000000,0
55 B12002700000000,0
55 B12002800000000,0
55 B15000400030000,155
55 B15002300020000,385
55 B16000500000000,8104
55 B16003800000000,5315
55 B22006000000000,0
55 B32020200020000,0
55 B32020200030000,0
55 B32022200000000,0
55 B32022300000000,0
55 B32030000000000,0
55 B35005200000000,0
55 B36011700000000,0
55 B36012800020000,15
55 B36014200000000,15
55 B38001600000000,67
55 B400285027I0000,883
55 B400285027J0000,803
55 B40028527E10000,995
55 B40028527E20000,963
55 B40028527F10000,942
55 B40028527F20000,885
55 B400400001A0000,1380
55 B400400001B0000,1378
55 B40040600000000,0
55 B40048800000000,1257
55 B40054400000000,1137
55 B40054800000000,1315
55 B40059100000000,1127
55 B40095200000000,1336
55 B44007500000000,0
55 B44008100000000,0
55 B44018700000000,0
55 B44026000000000,0
55 B47004000000000,0
55 B51006900000000,0
55 B51008000000000,0
55 B55006100000000,0
55 B55012600000000,0
55 B55022400000000,0
55 B59000900000000,0
55 B59015400000000,0
55 B68003100000000,0
55 B70001100020000,0
55 B70005100000000,0
55 B70005600020000,0
55 B70006100000000,0
55 B70009100020000,0
55 B70009700010000,0
55 B70024700020000,0
55 B70024700030000,0
55 B70024700040000,0
55 B70031600000000,0
55 B70032400000000,0
55 P40086400000000,1
56 1460028P0000000,0
72 006901,11474
72 010212,5077
72 018251,0
72 020882,5244
72 022001,0
72 022911,7
